label	rdfs_type	iri	definition	editor_preferred_term	exact_synonym	alternative_terms	term_editors	comments	source_ontology	source_ontology_iri	source_ontology_version_info	ontology_used_in
abbreviation textual entity	Class	http://purl.obolibrary.org/obo/IAO_0000605	A textual entity listing abbreviations and their expansions that are used in a document.	abbreviation textual entity			PERSON: Bill Baumgartner		IAO	http://purl.obolibrary.org/obo/iao.owl		https://raw.githubusercontent.com/aellenhicks/htn_owl/master/htn.owl; https://raw.githubusercontent.com/information-artifact-ontology/IAO/v2019-06-07/iao.owl; https://raw.githubusercontent.com/obi-ontology/obi/v2019-08-06/obi.owl; https://raw.githubusercontent.com/ICO-ontology/ICO/master/ico.owl
achieves_planned_objective	ObjectProperty	http://purl.obolibrary.org/obo/OBI_0000417	This relation obtains between a planned process and a objective specification when the criteria specified in the objective specification are met at the end of the planned process.	achieves_planned_objective			"BP, AR, PPPB branch"		OBI	http://purl.obolibrary.org/obo/obi.owl		https://raw.githubusercontent.com/ApolloDev/apollo-sv/master/src/ontology/apollo-sv.owl; https://raw.githubusercontent.com/obcs/obcs/master/release/20180222/obcs_merged_inferred.owl; https://raw.githubusercontent.com/EuPath-ontology/EuPath-ontology/2019-09-04/eupath.owl; https://raw.githubusercontent.com/alanruttenberg/ohd-ontology/master/src/ontology/ohd-2016-06-27-merged-inferred.owl; https://raw.githubusercontent.com/rsc-ontologies/rxno/master/rxno.owl; https://raw.githubusercontent.com/evidenceontology/evidenceontology/master/eco.owl; https://raw.githubusercontent.com/OHPI/ohpi/master/ohpi.owl; https://raw.githubusercontent.com/OVAE-Ontology/ovae/master/src/ontology/ovae_merged.owl; https://raw.githubusercontent.com/biobanking/ontology/20190620/obib.owl; https://raw.githubusercontent.com/obi-ontology/obi/v2019-08-06/obi.owl; https://raw.githubusercontent.com/CLO-ontology/CLO/master/src/ontology/clo_merged.owl; https://raw.githubusercontent.com/ISA-tools/stato/dev/releases/latest_release/stato.owl; https://raw.githubusercontent.com/obi-bcgo/bcgo/master/release/20150708/bcgo_merged_inferred.owl; https://raw.githubusercontent.com/OPMI/opmi/master/src/ontology/opmi-merged.owl; https://raw.githubusercontent.com/ICO-ontology/ICO/master/ico.owl; https://raw.githubusercontent.com/rsc-ontologies/rsc-cmo/master/chmo.owl; https://raw.githubusercontent.com/linikujp/OGSF/master/src/ogsf-merged.owl; https://raw.githubusercontent.com/vaccineontology/VO/master/src/VO_merged.owl; https://www.eagle-i.net/ero/latest/ero.owl; https://raw.githubusercontent.com/OHMI-ontology/OHMI/v2019-09-17/ohmi.owl
agent-level ecosystem census	Class	http://purl.obolibrary.org/obo/APOLLO_SV_00000165	A data set that is the specified output of a agent-level ecosystem data generation that had census data as an input.				Mathias Brochhausen		apollo-sv	http://purl.obolibrary.org/obo/apollo_sv.owl		https://raw.githubusercontent.com/ApolloDev/apollo-sv/master/src/ontology/apollo-sv.owl
aggregate of disease courses	Class	http://purl.obolibrary.org/obo/APOLLO_SV_00000578	"A process that (1) has as occurrent parts at least two disease courses that realize the same type of disease, and (2) has as participants two or more hosts that are members of a particular host population."				William R. Hogan; Amanda Hicks; Matthew Diller		apollo-sv	http://purl.obolibrary.org/obo/apollo_sv.owl		https://raw.githubusercontent.com/ApolloDev/apollo-sv/master/src/ontology/apollo-sv.owl
alternative term	unknown	http://purl.obolibrary.org/obo/IAO_0000118	An alternative name for a class or property which means the same thing as the preferred name (semantically equivalent)	alternative term			PERSON:Daniel Schober		IAO	http://purl.obolibrary.org/obo/iao.owl		http://purl.obolibrary.org/obo/hancestro/releases/2019-07-22/hancestro.owl; https://raw.githubusercontent.com/EBISPOT/ancestro/master/hancestro_inferred.owl; https://github.com/obophenotype/mammalian-phenotype-ontology/releases/download/current/mp.owl; https://raw.githubusercontent.com/obophenotype/cell-ontology/master/cl.owl; https://raw.githubusercontent.com/OPL-ontology/OPL/v2019-07-12/opl.owl; https://raw.githubusercontent.com/FlyBase/flybase-controlled-vocabulary/master/fbcv.owl; https://raw.githubusercontent.com/infectious-disease-ontology/infectious-disease-ontology/2017-11-03/ido.owl; https://www.eagle-i.net/ero/latest/ero.owl; https://raw.githubusercontent.com/OHMI-ontology/OHMI/v2019-09-17/ohmi.owl; https://raw.githubusercontent.com/DIDEO/DIDEO/master/dideo.owl
atmospheric data set	Class	http://purl.obolibrary.org/obo/APOLLO_SV_00000594	A data set that is about either the Earth's atmosphere or some part of the Earth's atmosphere.	atmospheric data set			William R. Hogan		apollo-sv	http://purl.obolibrary.org/obo/apollo_sv.owl		https://raw.githubusercontent.com/ApolloDev/apollo-sv/master/src/ontology/apollo-sv.owl
bearer of	ObjectProperty	http://purl.obolibrary.org/obo/RO_0000053	"a relation between an independent continuant (the bearer) and a specifically dependent continuant (the dependent), in which the dependent specifically depends on the bearer for its existence"	bearer of		bearer_of; is bearer of			RO	http://purl.obolibrary.org/obo/ro.owl		http://purl.obolibrary.org/obo/fbcv/releases/2020-02-20/fbcv.owl; https://raw.githubusercontent.com/FlyBase/flybase-controlled-vocabulary/master/fbcv.owl; https://raw.githubusercontent.com/infectious-disease-ontology/infectious-disease-ontology/2017-11-03/ido.owl; https://www.eagle-i.net/ero/latest/ero.owl; https://github.com/flora-phenotype-ontology/flopoontology/raw/master/ontology/flopo.owl; https://raw.githubusercontent.com/OHMI-ontology/OHMI/v2019-09-17/ohmi.owl
case series data set	Class	http://purl.obolibrary.org/obo/APOLLO_SV_00000559	A data set that is the output of a case series investigation.				William R. Hogan; Matthew Diller		apollo-sv	http://purl.obolibrary.org/obo/apollo_sv.owl		https://raw.githubusercontent.com/ApolloDev/apollo-sv/master/src/ontology/apollo-sv.owl
center	Class	http://vivoweb.org/ontology/core#Center	An organization where a specified activity is concentrated.; A place where a particular activity or service is concentrated.						VIVO	http://vivoweb.org/ontology/core		https://www.eagle-i.net/ero/latest/ero.owl
climate data set	Class	http://purl.obolibrary.org/obo/APOLLO_SV_00000591	"A data set that is an aggregate of data items that are about an environmental system process (e.g., hydrological precipitation) or a participant in an environmental system process."	climate data set			William R. Hogan; Matt Diller		apollo-sv	http://purl.obolibrary.org/obo/apollo_sv.owl		https://raw.githubusercontent.com/ApolloDev/apollo-sv/master/src/ontology/apollo-sv.owl
college	Class	http://vivoweb.org/ontology/core#College	A primary academic unit within a University or a free-standing higher education organization without graduate degree programs.; A primary academic unit within a University or a free-standing higher education organization without graduate degree programs						VIVO	http://vivoweb.org/ontology/core		https://www.eagle-i.net/ero/latest/ero.owl
compiled software code	Class	http://purl.obolibrary.org/obo/APOLLO_SV_00000525	A software that is the specified output of some compilation of software process	machine instructions compiled from software source code			William R. Hogan		apollo-sv	http://purl.obolibrary.org/obo/apollo_sv.owl		https://raw.githubusercontent.com/ApolloDev/apollo-sv/master/src/ontology/apollo-sv.owl
compiling software	Class	http://purl.obolibrary.org/obo/APOLLO_SV_00000524	A planned process that converts human-written or curated software into a machine-executable or interpretable set of instructions.	process of compiling software			William R. Hogan		apollo-sv	http://purl.obolibrary.org/obo/apollo_sv.owl		https://raw.githubusercontent.com/ApolloDev/apollo-sv/master/src/ontology/apollo-sv.owl
computational modeling toolkit	Class	http://purl.obolibrary.org/obo/APOLLO_SV_00000565					William R. Hogan; Matthew Diller		apollo-sv	http://purl.obolibrary.org/obo/apollo_sv.owl		https://raw.githubusercontent.com/ApolloDev/apollo-sv/master/src/ontology/apollo-sv.owl
computer cluster	Class	http://purl.obolibrary.org/obo/OBI_0001092	"A group of linked computers, working together closely so that in many respects they form a single computer."	computer cluster			PERSON: Erik Segerdell		OBI	http://purl.obolibrary.org/obo/obi.owl		https://raw.githubusercontent.com/ApolloDev/apollo-sv/master/src/ontology/apollo-sv.owl; https://raw.githubusercontent.com/obi-ontology/obi/v2019-08-06/obi.owl; https://www.eagle-i.net/ero/latest/ero.owl
count of cases in an epidemic	Class	http://purl.obolibrary.org/obo/APOLLO_SV_00000498	A count of disease cases in an infected population that meet the case definition criteria within a particular epidemic interval.				William R. Hogan; Matthew Diller		apollo-sv	http://purl.obolibrary.org/obo/apollo_sv.owl		https://raw.githubusercontent.com/ApolloDev/apollo-sv/master/src/ontology/apollo-sv.owl
count of disease cases	Class	http://purl.obolibrary.org/obo/APOLLO_SV_00000497	A count of individuals in a population who meet the criteria of some case definition during some time interval.				Matthew Diller; William R. Hogan		apollo-sv	http://purl.obolibrary.org/obo/apollo_sv.owl		https://raw.githubusercontent.com/ApolloDev/apollo-sv/master/src/ontology/apollo-sv.owl
creating a copyright license	Class	http://purl.obolibrary.org/obo/APOLLO_SV_00000797	A planned process that has a copyright license as its specified output.	creating a copyright license		copyright license creation	William R. Hogan		apollo-sv	http://purl.obolibrary.org/obo/apollo_sv.owl		https://raw.githubusercontent.com/ApolloDev/apollo-sv/master/src/ontology/apollo-sv.owl
data encoding	Class	http://purl.obolibrary.org/obo/OBI_0000227	a documenting process to encode an information entity into a digital document	data encoding			PlanAndPlannedProcess Branch		OBI	http://purl.obolibrary.org/obo/obi.owl		https://raw.githubusercontent.com/ApolloDev/apollo-sv/master/src/ontology/apollo-sv.owl; https://raw.githubusercontent.com/obi-ontology/obi/v2019-08-06/obi.owl
data format converter	Class	http://purl.obolibrary.org/obo/APOLLO_SV_00000562		data format converter software			William R. Hogan; Matthew Diller		apollo-sv	http://purl.obolibrary.org/obo/apollo_sv.owl		https://raw.githubusercontent.com/ApolloDev/apollo-sv/master/src/ontology/apollo-sv.owl
data format specification	Class	http://purl.obolibrary.org/obo/IAO_0000098	A data format specification is the information content borne by the document published defining the specification.									
data format validator	Class	http://purl.obolibrary.org/obo/APOLLO_SV_00000597	A software that takes a data set as input and outputs a determination of whether the dataset is in compliance with one or more given data format specifications.	data format validator software			William R. Hogan		apollo-sv	http://purl.obolibrary.org/obo/apollo_sv.owl		https://raw.githubusercontent.com/ApolloDev/apollo-sv/master/src/ontology/apollo-sv.owl
data parsing	Class	http://purl.obolibrary.org/obo/APOLLO_SV_00000566	"A data transformation that has a dataset, encoded in a particular data format specification, as input and extracts certain elements or parts of the dataset, typically into the volatile memory of a computer."	data parsing process		reading data; data reading process	William R. Hogan		apollo-sv	http://purl.obolibrary.org/obo/apollo_sv.owl		https://raw.githubusercontent.com/ApolloDev/apollo-sv/master/src/ontology/apollo-sv.owl
data service software	Class	http://purl.obolibrary.org/obo/APOLLO_SV_00000799	A software that implements a data service.	data service software			William R. Hogan		apollo-sv	http://purl.obolibrary.org/obo/apollo_sv.owl		https://raw.githubusercontent.com/ApolloDev/apollo-sv/master/src/ontology/apollo-sv.owl
data set	Class	http://purl.obolibrary.org/obo/IAO_0000100	A data item that is an aggregate of other data items of the same type that have something in common. Averages and distributions can be determined for data sets.	data set			person:Allyson Lister; person:Chris Stoeckert		IAO	http://purl.obolibrary.org/obo/iao.owl		https://raw.githubusercontent.com/ApolloDev/apollo-sv/master/src/ontology/apollo-sv.owl; https://raw.githubusercontent.com/AgriculturalSemantics/agro/master/agro.owl; https://raw.githubusercontent.com/obcs/obcs/master/release/20180222/obcs_merged_inferred.owl; https://raw.githubusercontent.com/EuPath-ontology/EuPath-ontology/2019-09-04/eupath.owl; https://raw.githubusercontent.com/aellenhicks/htn_owl/master/htn.owl; https://github.com/monarch-initiative/SEPIO-ontology/releases/download/current/sepio.owl; https://raw.githubusercontent.com/OHPI/ohpi/master/ohpi.owl; https://raw.githubusercontent.com/biobanking/ontology/20190620/obib.owl; https://raw.githubusercontent.com/information-artifact-ontology/IAO/v2019-06-07/iao.owl; https://raw.githubusercontent.com/obi-ontology/obi/v2019-08-06/obi.owl; https://raw.githubusercontent.com/CLO-ontology/CLO/master/src/ontology/clo_merged.owl; https://raw.githubusercontent.com/ISA-tools/stato/dev/releases/latest_release/stato.owl; https://raw.githubusercontent.com/obi-bcgo/bcgo/master/release/20150708/bcgo_merged_inferred.owl; https://raw.githubusercontent.com/OPMI/opmi/master/src/ontology/opmi-merged.owl; https://raw.githubusercontent.com/ICO-ontology/ICO/master/ico.owl; https://raw.githubusercontent.com/vaccineontology/VO/master/src/VO_merged.owl
data visualizer software	Class	http://purl.obolibrary.org/obo/APOLLO_SV_00000564	A planned process that has some data visualizer software objective specification as part.				Matthew Diller; William R. Hogan		apollo-sv	http://purl.obolibrary.org/obo/apollo_sv.owl		https://raw.githubusercontent.com/ApolloDev/apollo-sv/master/src/ontology/apollo-sv.owl
dataset creating	Class	http://purl.obolibrary.org/obo/APOLLO_SV_00000796	A planned process that has a data set as its specified output.	creating a data set		dataset creation; data set creation	William R. Hogan		apollo-sv	http://purl.obolibrary.org/obo/apollo_sv.owl		https://raw.githubusercontent.com/ApolloDev/apollo-sv/master/src/ontology/apollo-sv.owl
Date	unknown	http://purl.org/dc/elements/1.1/date							Dublin Core	http://purl.org/dc/elements/1.1		http://purl.obolibrary.org/obo/2016-06-27/ohd-inferred.owl; https://raw.githubusercontent.com/alanruttenberg/ohd-ontology/master/src/ontology/ohd-2016-06-27-merged-inferred.owl; https://raw.githubusercontent.com/OHPI/ohpi/master/ohpi.owl; https://raw.githubusercontent.com/biobanking/ontology/20190620/obib.owl; https://raw.githubusercontent.com/obi-ontology/obi/v2019-08-06/obi.owl; https://raw.githubusercontent.com/CLO-ontology/CLO/master/src/ontology/clo_merged.owl; https://raw.githubusercontent.com/ISA-tools/stato/dev/releases/latest_release/stato.owl; https://raw.githubusercontent.com/ontoice/ICEO/master/src/iceo_merged.owl; https://raw.githubusercontent.com/INO-ontology/ino/master/src/ino_merged.owl; https://raw.githubusercontent.com/OPMI/opmi/master/src/ontology/opmi-merged.owl; https://raw.githubusercontent.com/ICO-ontology/ICO/master/ico.owl; https://raw.githubusercontent.com/vaccineontology/VO/master/src/VO_merged.owl; https://raw.githubusercontent.com/OHMI-ontology/OHMI/v2019-09-17/ohmi.owl
denotes	ObjectProperty	http://purl.obolibrary.org/obo/IAO_0000219	"denotes is a primitive, instance-level, relation obtaining between an information content entity and some portion of reality. Denotation is what happens when someone creates an information content entity E in order to specifically refer to something. The only relation between E and the thing is that E can be used to 'pick out' the thing. This relation connects those two together. Freedictionary.com sense 3: To signify directly; refer to specifically"	denotes			person:Alan Ruttenberg		IAO	http://purl.obolibrary.org/obo/iao.owl		https://raw.githubusercontent.com/obcs/obcs/master/release/20180222/obcs_merged_inferred.owl; https://raw.githubusercontent.com/EuPath-ontology/EuPath-ontology/2019-09-04/eupath.owl; https://raw.githubusercontent.com/aellenhicks/htn_owl/master/htn.owl; https://raw.githubusercontent.com/OHPI/ohpi/master/ohpi.owl; https://raw.githubusercontent.com/biobanking/ontology/20190620/obib.owl; https://raw.githubusercontent.com/information-artifact-ontology/IAO/v2019-06-07/iao.owl; https://raw.githubusercontent.com/obi-ontology/obi/v2019-08-06/obi.owl; https://raw.githubusercontent.com/ISA-tools/stato/dev/releases/latest_release/stato.owl; https://raw.githubusercontent.com/obi-bcgo/bcgo/master/release/20150708/bcgo_merged_inferred.owl; https://raw.githubusercontent.com/OPMI/opmi/master/src/ontology/opmi-merged.owl; https://raw.githubusercontent.com/ICO-ontology/ICO/master/ico.owl
department	Class	http://vivoweb.org/ontology/core#Department	A unit within a larger organization that addresses a specific subject or area of activity.						VIVO	http://vivoweb.org/ontology/core		https://www.eagle-i.net/ero/latest/ero.owl
Description	unknown	http://purl.org/dc/elements/1.1/description							Dublin Core	http://purl.org/dc/elements/1.1		http://purl.obolibrary.org/obo/trans/releases/2020-02-20/trans.owl; https://raw.githubusercontent.com/DiseaseOntology/PathogenTransmissionOntology/master/src/ontology/trans.owl; https://raw.githubusercontent.com/OHPI/ohpi/master/ohpi.owl; https://raw.githubusercontent.com/obophenotype/human-phenotype-ontology/master/hp.owl; https://raw.githubusercontent.com/biobanking/ontology/20190620/obib.owl; https://raw.githubusercontent.com/obi-ontology/obi/v2019-08-06/obi.owl; https://raw.githubusercontent.com/OAE-ontology/OAE/master/src/oae_merged.owl; https://raw.githubusercontent.com/microbial-conditions-ontology/microbial-conditions-ontology/master/mco.owl; https://raw.githubusercontent.com/CLO-ontology/CLO/master/src/ontology/clo_merged.owl; https://raw.githubusercontent.com/ISA-tools/stato/dev/releases/latest_release/stato.owl; https://raw.githubusercontent.com/obi-bcgo/bcgo/master/release/20150708/bcgo_merged_inferred.owl; https://raw.githubusercontent.com/ontoice/ICEO/master/src/iceo_merged.owl; https://raw.githubusercontent.com/INO-ontology/ino/master/src/ino_merged.owl; https://raw.githubusercontent.com/obophenotype/c-elegans-phenotype-ontology/master/wbphenotype.owl; https://raw.githubusercontent.com/OPMI/opmi/master/src/ontology/opmi-merged.owl; https://raw.githubusercontent.com/ICO-ontology/ICO/master/ico.owl; https://raw.githubusercontent.com/vaccineontology/VO/master/src/VO_merged.owl; https://raw.githubusercontent.com/obophenotype/planaria-ontology/master/plana.owl; https://github.com/obophenotype/mammalian-phenotype-ontology/releases/download/current/mp.owl; https://raw.githubusercontent.com/obophenotype/cell-ontology/master/cl.owl; https://www.eagle-i.net/ero/latest/ero.owl; https://raw.githubusercontent.com/OHMI-ontology/OHMI/v2019-09-17/ohmi.owl
diagram	Class	http://purl.obolibrary.org/obo/IAO_0000309	A figure that expresses one or more propositions						IAO	http://purl.obolibrary.org/obo/iao.owl		https://raw.githubusercontent.com/AgriculturalSemantics/agro/master/agro.owl; https://raw.githubusercontent.com/obcs/obcs/master/release/20180222/obcs_merged_inferred.owl; https://raw.githubusercontent.com/aellenhicks/htn_owl/master/htn.owl; https://raw.githubusercontent.com/evidenceontology/evidenceontology/master/eco.owl; https://raw.githubusercontent.com/OHPI/ohpi/master/ohpi.owl; https://raw.githubusercontent.com/information-artifact-ontology/IAO/v2019-06-07/iao.owl; https://raw.githubusercontent.com/obi-ontology/obi/v2019-08-06/obi.owl; https://raw.githubusercontent.com/ISA-tools/stato/dev/releases/latest_release/stato.owl; https://raw.githubusercontent.com/OPMI/opmi/master/src/ontology/opmi-merged.owl; https://raw.githubusercontent.com/ICO-ontology/ICO/master/ico.owl
digital curation	Class	http://purl.obolibrary.org/obo/OBI_0302914	"Digital curation is the process of establishing and developing long term repositories of digital assets for current and future reference by researchers, scientists, and historians, and scholars generally."	digital curation			Philippe Rocca-Serra		OBI	http://purl.obolibrary.org/obo/obi.owl		https://raw.githubusercontent.com/ApolloDev/apollo-sv/master/src/ontology/apollo-sv.owl; https://raw.githubusercontent.com/biobanking/ontology/20190620/obib.owl; https://raw.githubusercontent.com/obi-ontology/obi/v2019-08-06/obi.owl
digital object identifier	Class	http://purl.obolibrary.org/obo/OBI_0002110	A centrally registered identifier symbol used to uniquely identify objects given by International DOI Foundation. The DOI system is particularly used for electronic documents such as journal articles.	digital object identifier		DOI	OBI developers		OBI	http://purl.obolibrary.org/obo/obi.owl		https://raw.githubusercontent.com/ApolloDev/apollo-sv/master/src/ontology/apollo-sv.owl; https://raw.githubusercontent.com/obi-ontology/obi/v2019-08-06/obi.owl
disease surveillance data	Class	http://purl.obolibrary.org/obo/APOLLO_SV_00000554	A data set that is about some disease surveillance.				William R. Hogan; Matthew Diller		apollo-sv	http://purl.obolibrary.org/obo/apollo_sv.owl		https://raw.githubusercontent.com/ApolloDev/apollo-sv/master/src/ontology/apollo-sv.owl
disease transmission model	Class	http://purl.obolibrary.org/obo/APOLLO_SV_00000174	An algorithm that models the progress of a transmissible disease in a population.						apollo-sv	http://purl.obolibrary.org/obo/apollo_sv.owl		https://raw.githubusercontent.com/ApolloDev/apollo-sv/master/src/ontology/apollo-sv.owl
disease transmission model software	Class	http://purl.obolibrary.org/obo/APOLLO_SV_00000561					Matthew Diller; William R. Hogan		apollo-sv	http://purl.obolibrary.org/obo/apollo_sv.owl		https://raw.githubusercontent.com/ApolloDev/apollo-sv/master/src/ontology/apollo-sv.owl
disease transmission tree estimator	Class	http://purl.obolibrary.org/obo/APOLLO_SV_00000555	An algorithm that has specified output some transmission tree.				William R. Hogan; Matthew Diller		apollo-sv	http://purl.obolibrary.org/obo/apollo_sv.owl		https://raw.githubusercontent.com/ApolloDev/apollo-sv/master/src/ontology/apollo-sv.owl
disposition	Class	http://purl.obolibrary.org/obo/BFO_0000016							BFO	http://purl.obolibrary.org/obo/bfo.owl		http://purl.obolibrary.org/obo/bfo/2019-08-26/bfo.owl; https://raw.githubusercontent.com/BFO-ontology/BFO/v2019-08-26/bfo_classes_only.owl; https://raw.githubusercontent.com/ontoice/ICEO/master/src/iceo_merged.owl; https://raw.githubusercontent.com/INO-ontology/ino/master/src/ino_merged.owl; https://raw.githubusercontent.com/OPMI/opmi/master/src/ontology/opmi-merged.owl; https://raw.githubusercontent.com/ICO-ontology/ICO/master/ico.owl; https://raw.githubusercontent.com/rsc-ontologies/rsc-cmo/master/chmo.owl; https://raw.githubusercontent.com/linikujp/OGSF/master/src/ogsf-merged.owl; https://raw.githubusercontent.com/vaccineontology/VO/master/src/VO_merged.owl; https://bitbucket.org/hegroup/ogg/raw/master/ogg-merged.owl; https://github.com/obophenotype/mammalian-phenotype-ontology/releases/download/current/mp.owl; https://raw.githubusercontent.com/obophenotype/cell-ontology/master/cl.owl; https://raw.githubusercontent.com/OPL-ontology/OPL/v2019-07-12/opl.owl; https://raw.githubusercontent.com/infectious-disease-ontology/infectious-disease-ontology/2017-11-03/ido.owl; https://www.eagle-i.net/ero/latest/ero.owl; https://raw.githubusercontent.com/OHMI-ontology/OHMI/v2019-09-17/ohmi.owl
division	Class	http://vivoweb.org/ontology/core#Division	A major unit or section within a larger organization.						VIVO	http://vivoweb.org/ontology/core		https://www.eagle-i.net/ero/latest/ero.owl
DNA sequence data	Class	http://purl.obolibrary.org/obo/OBI_0001573	A sequence data item that is about the primary structure of DNA	DNA sequence data			OBI call; Bjoern Peters		OBI	http://purl.obolibrary.org/obo/obi.owl		https://raw.githubusercontent.com/obcs/obcs/master/release/20180222/obcs_merged_inferred.owl; https://raw.githubusercontent.com/evidenceontology/evidenceontology/master/eco.owl; https://raw.githubusercontent.com/obi-ontology/obi/v2019-08-06/obi.owl; https://raw.githubusercontent.com/ISA-tools/stato/dev/releases/latest_release/stato.owl; https://raw.githubusercontent.com/obi-bcgo/bcgo/master/release/20150708/bcgo_merged_inferred.owl; https://www.eagle-i.net/ero/latest/ero.owl; https://raw.githubusercontent.com/OHMI-ontology/OHMI/v2019-09-17/ohmi.owl
document	Class	http://purl.obolibrary.org/obo/IAO_0000310	A collection of information content entities intended to be understood together as a whole						IAO	http://purl.obolibrary.org/obo/iao.owl		https://raw.githubusercontent.com/AgriculturalSemantics/agro/master/agro.owl; https://raw.githubusercontent.com/obcs/obcs/master/release/20180222/obcs_merged_inferred.owl; https://raw.githubusercontent.com/EuPath-ontology/EuPath-ontology/2019-09-04/eupath.owl; https://raw.githubusercontent.com/aellenhicks/htn_owl/master/htn.owl; https://github.com/monarch-initiative/SEPIO-ontology/releases/download/current/sepio.owl; https://raw.githubusercontent.com/OHPI/ohpi/master/ohpi.owl; https://raw.githubusercontent.com/biobanking/ontology/20190620/obib.owl; https://raw.githubusercontent.com/information-artifact-ontology/IAO/v2019-06-07/iao.owl; https://raw.githubusercontent.com/obi-ontology/obi/v2019-08-06/obi.owl; https://raw.githubusercontent.com/CLO-ontology/CLO/master/src/ontology/clo_merged.owl; https://raw.githubusercontent.com/ISA-tools/stato/dev/releases/latest_release/stato.owl; https://raw.githubusercontent.com/obi-bcgo/bcgo/master/release/20150708/bcgo_merged_inferred.owl; https://raw.githubusercontent.com/OPMI/opmi/master/src/ontology/opmi-merged.owl; https://raw.githubusercontent.com/ICO-ontology/ICO/master/ico.owl; https://raw.githubusercontent.com/linikujp/OGSF/master/src/ogsf-merged.owl; https://raw.githubusercontent.com/vaccineontology/VO/master/src/VO_merged.owl; https://www.eagle-i.net/ero/latest/ero.owl
editor preferred term	unknown	http://purl.obolibrary.org/obo/IAO_0000111	"The concise, meaningful, and human-friendly name for a class or property preferred by the ontology developers. (US-English)"	editor preferred term			PERSON:Daniel Schober		IAO	http://purl.obolibrary.org/obo/iao.owl		http://purl.obolibrary.org/obo/mro/2020-03-17/mro.owl; https://raw.githubusercontent.com/IEDB/MRO/master/mro.owl; https://zenodo.org/record/3250384/files/zp.owl; https://raw.githubusercontent.com/obcs/obcs/master/release/20180222/obcs_merged_inferred.owl; https://raw.githubusercontent.com/EcologicalSemantics/ecocore/master/ecocore.owl; https://raw.githubusercontent.com/EuPath-ontology/EuPath-ontology/2019-09-04/eupath.owl; https://raw.githubusercontent.com/MPIO-Developers/MPIO/master/mpio.owl; https://raw.githubusercontent.com/aellenhicks/htn_owl/master/htn.owl; https://github.com/monarch-initiative/SEPIO-ontology/releases/download/current/sepio.owl; https://raw.githubusercontent.com/obophenotype/xenopus-phenotype-ontology/master/xpo.owl; https://raw.githubusercontent.com/alanruttenberg/ohd-ontology/master/src/ontology/ohd-2016-06-27-merged-inferred.owl; https://raw.githubusercontent.com/OOSTT/OOSTT/master/oostt.owl; https://raw.githubusercontent.com/FlyBase/drosophila-phenotype-ontology/master/dpo.owl; https://raw.githubusercontent.com/OHPI/ohpi/master/ohpi.owl; https://raw.githubusercontent.com/OVAE-Ontology/ovae/master/src/ontology/ovae_merged.owl; https://raw.githubusercontent.com/EnvironmentOntology/envo/master/envo.owl; https://raw.githubusercontent.com/obophenotype/human-phenotype-ontology/master/hp.owl; https://raw.githubusercontent.com/biobanking/ontology/20190620/obib.owl; https://raw.githubusercontent.com/information-artifact-ontology/IAO/v2019-06-07/iao.owl; https://raw.githubusercontent.com/pato-ontology/pato/master/pato.owl; https://raw.githubusercontent.com/obi-ontology/obi/v2019-08-06/obi.owl; https://raw.githubusercontent.com/OAE-ontology/OAE/master/src/oae_merged.owl; https://raw.githubusercontent.com/microbial-conditions-ontology/microbial-conditions-ontology/master/mco.owl; https://raw.githubusercontent.com/CLO-ontology/CLO/master/src/ontology/clo_merged.owl; https://raw.githubusercontent.com/ISA-tools/stato/dev/releases/latest_release/stato.owl; https://raw.githubusercontent.com/obi-bcgo/bcgo/master/release/20150708/bcgo_merged_inferred.owl; https://raw.githubusercontent.com/OmniSearch/ncro/release-2015-12-10/build/ncro-all-in-one.owl; https://raw.githubusercontent.com/BFO-ontology/BFO/v2019-08-26/bfo_classes_only.owl; https://raw.githubusercontent.com/ontoice/ICEO/master/src/iceo_merged.owl; https://raw.githubusercontent.com/INO-ontology/ino/master/src/ino_merged.owl; https://raw.githubusercontent.com/obophenotype/c-elegans-phenotype-ontology/master/wbphenotype.owl; https://raw.githubusercontent.com/PopulationAndCommunityOntology/pco/master/pco.owl; https://raw.githubusercontent.com/OPMI/opmi/master/src/ontology/opmi-merged.owl; https://raw.githubusercontent.com/ICO-ontology/ICO/master/ico.owl; https://raw.githubusercontent.com/FlyBase/drosophila-developmental-ontology/master/fbdv.owl; https://raw.githubusercontent.com/linikujp/OGSF/master/src/ogsf-merged.owl; https://raw.githubusercontent.com/vaccineontology/VO/master/src/VO_merged.owl; https://bitbucket.org/hegroup/ogg/raw/master/ogg-merged.owl; https://raw.githubusercontent.com/obophenotype/planaria-ontology/master/plana.owl; https://github.com/obophenotype/mammalian-phenotype-ontology/releases/download/current/mp.owl; https://raw.githubusercontent.com/obophenotype/cell-ontology/master/cl.owl; https://raw.githubusercontent.com/OPL-ontology/OPL/v2019-07-12/opl.owl; https://raw.githubusercontent.com/FlyBase/flybase-controlled-vocabulary/master/fbcv.owl; https://raw.githubusercontent.com/infectious-disease-ontology/infectious-disease-ontology/2017-11-03/ido.owl; https://www.eagle-i.net/ero/latest/ero.owl; https://raw.githubusercontent.com/OHMI-ontology/OHMI/v2019-09-17/ohmi.owl; https://raw.githubusercontent.com/DIDEO/DIDEO/master/dideo.owl
email address	Class	http://purl.obolibrary.org/obo/IAO_0000429							IAO	http://purl.obolibrary.org/obo/iao.owl		http://purl.obolibrary.org/obo/ontoneo/releases/2017-03-04/ontoneo.owl; https://raw.githubusercontent.com/ontoneo-project/Ontoneo/master/ontoneo.owl
ends_during	ObjectProperty	http://purl.obolibrary.org/obo/RO_0002093				o; overlaps	David Osumi-Sutherland		RO	http://purl.obolibrary.org/obo/ro.owl		http://purl.obolibrary.org/obo/fypo/releases/2020-03-18/fypo.owl; https://raw.githubusercontent.com/pombase/fypo/master/release/fypo.owl; https://raw.githubusercontent.com/microbialphenotypes/OMP-ontology/master/omp.owl; https://raw.githubusercontent.com/OAE-ontology/OAE/master/src/oae_merged.owl; https://raw.githubusercontent.com/CLO-ontology/CLO/master/src/ontology/clo_merged.owl; https://raw.githubusercontent.com/INO-ontology/ino/master/src/ino_merged.owl; https://raw.githubusercontent.com/obophenotype/c-elegans-phenotype-ontology/master/wbphenotype.owl; https://raw.githubusercontent.com/OPMI/opmi/master/src/ontology/opmi-merged.owl; https://raw.githubusercontent.com/ICO-ontology/ICO/master/ico.owl; https://raw.githubusercontent.com/FlyBase/drosophila-developmental-ontology/master/fbdv.owl; https://raw.githubusercontent.com/linikujp/OGSF/master/src/ogsf-merged.owl; https://raw.githubusercontent.com/obophenotype/planaria-ontology/master/plana.owl; https://github.com/obophenotype/mammalian-phenotype-ontology/releases/download/current/mp.owl; https://raw.githubusercontent.com/OHMI-ontology/OHMI/v2019-09-17/ohmi.owl
epidemic data set	Class	http://purl.obolibrary.org/obo/APOLLO_SV_00000560	A data set about an instance of an epidemic.				Matthew Diller; William R. Hogan		apollo-sv	http://purl.obolibrary.org/obo/apollo_sv.owl		https://raw.githubusercontent.com/ApolloDev/apollo-sv/master/src/ontology/apollo-sv.owl
epidemic peak intensity	Class	http://purl.obolibrary.org/obo/APOLLO_SV_00000577	A predicted data item that is about some aggregate of cases in an epidemic and whose value specification contains the maximum value in a data set that is about the epidemic.				Matthew Diller; Amanda Hicks; William R. Hogan		apollo-sv	http://purl.obolibrary.org/obo/apollo_sv.owl		https://raw.githubusercontent.com/ApolloDev/apollo-sv/master/src/ontology/apollo-sv.owl
epidemic peak week	Class	http://purl.obolibrary.org/obo/APOLLO_SV_00000576	"A scalar value specification whose measurement unit label is 'week', and that is part of the epidemic peak intensity."				William R. Hogan; Matthew Diller; Amanda Hicks		apollo-sv	http://purl.obolibrary.org/obo/apollo_sv.owl		https://raw.githubusercontent.com/ApolloDev/apollo-sv/master/src/ontology/apollo-sv.owl
epidemic start week	Class	http://purl.obolibrary.org/obo/APOLLO_SV_00000575	A scalar value specification whose measurement unit label is 'week' and that is part of the first predicted data item that is greater than the epidemic threshold set for that data item.				Matthew Diller; William R. Hogan; Amanda Hicks		apollo-sv	http://purl.obolibrary.org/obo/apollo_sv.owl		https://raw.githubusercontent.com/ApolloDev/apollo-sv/master/src/ontology/apollo-sv.owl
"Example: The ISO document specifying what encompasses an XML document; The instructions in a XSD file"""				PERSON: Alan Ruttenberg; PlanAndPlannedProcess Branch		IAO	http://purl.obolibrary.org/obo/iao.owl		https://raw.githubusercontent.com/safisher/ornaseq/2019-07-08/ornaseq.owl; https://raw.githubusercontent.com/AgriculturalSemantics/agro/master/agro.owl; https://raw.githubusercontent.com/obcs/obcs/master/release/20180222/obcs_merged_inferred.owl; https://raw.githubusercontent.com/aellenhicks/htn_owl/master/htn.owl; https://raw.githubusercontent.com/OHPI/ohpi/master/ohpi.owl; https://raw.githubusercontent.com/information-artifact-ontology/IAO/v2019-06-07/iao.owl; https://raw.githubusercontent.com/obi-ontology/obi/v2019-08-06/obi.owl; https://raw.githubusercontent.com/ICO-ontology/ICO/master/ico.owl; https://www.eagle-i.net/ero/latest/ero.owl			
female gender role	Class	http://purl.obolibrary.org/obo/OMRSE_00000009	A gender role borne by a human being that is realized in behaviour which is considered socially appropriate for individuals of the female sex in the context of the culture in question.			female gender	Mathias Brochhausen		OMRSE	http://purl.obolibrary.org/obo/omrse.owl		https://raw.githubusercontent.com/ApolloDev/apollo-sv/master/src/ontology/apollo-sv.owl; https://raw.githubusercontent.com/alanruttenberg/ohd-ontology/master/src/ontology/ohd-2016-06-27-merged-inferred.owl; https://raw.githubusercontent.com/OPMI/opmi/master/src/ontology/opmi-merged.owl
gender role	Class	http://purl.obolibrary.org/obo/OMRSE_00000007	A human social role borne by a human being being realized in behaviour which is considered socially appropriate for individuals of a specific sex in the context of a specific culture.				Mathias Brochhausen		OMRSE	http://purl.obolibrary.org/obo/omrse.owl	1/30/20	https://raw.githubusercontent.com/ApolloDev/apollo-sv/master/src/ontology/apollo-sv.owl; https://raw.githubusercontent.com/alanruttenberg/ohd-ontology/master/src/ontology/ohd-2016-06-27-merged-inferred.owl; https://raw.githubusercontent.com/OPMI/opmi/master/src/ontology/opmi-merged.owl
genomic data	Class	http://www.ebi.ac.uk/efo/EFO_0004600	Genomic data is data about the genomes of an organism.				James Malone		EFO	http://www.ebi.ac.uk/efo	3.15.0	https://raw.githubusercontent.com/ApolloDev/apollo-sv/master/src/ontology/apollo-sv.owl
government agency	Class	http://vivoweb.org/ontology/core#GovernmentAgency	A unit of government responsible for oversight and regulation of certain activities or the administration and provision of specific services.						VIVO	http://vivoweb.org/ontology/core		https://www.eagle-i.net/ero/latest/ero.owl
has basis in	ObjectProperty	http://purl.obolibrary.org/obo/APOLLO_SV_00000543	(Q is_a Quality ⋀ D is_a Disposition ⋀ Q base of D) ® ∀q (q instance_of Q ® b (q inheres_in b ⋀ d (d instance_of D ⋀ d inheres_in b)))	has basis in quality					apollo-sv	http://purl.obolibrary.org/obo/apollo_sv.owl		https://raw.githubusercontent.com/ApolloDev/apollo-sv/master/src/ontology/apollo-sv.owl
has measurement unit label	ObjectProperty	http://purl.obolibrary.org/obo/IAO_0000039							IAO	http://purl.obolibrary.org/obo/iao.owl		https://raw.githubusercontent.com/ApolloDev/apollo-sv/master/src/ontology/apollo-sv.owl; https://raw.githubusercontent.com/obcs/obcs/master/release/20180222/obcs_merged_inferred.owl; https://raw.githubusercontent.com/EuPath-ontology/EuPath-ontology/2019-09-04/eupath.owl; https://raw.githubusercontent.com/aellenhicks/htn_owl/master/htn.owl; https://raw.githubusercontent.com/evidenceontology/evidenceontology/master/eco.owl; https://raw.githubusercontent.com/biobanking/ontology/20190620/obib.owl; https://raw.githubusercontent.com/information-artifact-ontology/IAO/v2019-06-07/iao.owl; https://raw.githubusercontent.com/obi-ontology/obi/v2019-08-06/obi.owl; https://raw.githubusercontent.com/ISA-tools/stato/dev/releases/latest_release/stato.owl; https://raw.githubusercontent.com/obi-bcgo/bcgo/master/release/20150708/bcgo_merged_inferred.owl; https://raw.githubusercontent.com/OPMI/opmi/master/src/ontology/opmi-merged.owl; https://raw.githubusercontent.com/ICO-ontology/ICO/master/ico.owl; https://raw.githubusercontent.com/OHMI-ontology/OHMI/v2019-09-17/ohmi.owl
has proper continuant part at some time	ObjectProperty	http://purl.obolibrary.org/obo/BFO_0000174							BFO	http://purl.obolibrary.org/obo/bfo.owl		https://raw.githubusercontent.com/rsc-ontologies/rsc-cmo/master/chmo.owl; https://bitbucket.org/hegroup/ogg/raw/master/ogg-merged.owl
has value specification	ObjectProperty	http://purl.obolibrary.org/obo/OBI_0001938	A relation between an information content entity and a value specification that specifies its value.	has value specification			PERSON: James A. Overton		OBI	http://purl.obolibrary.org/obo/obi.owl		https://raw.githubusercontent.com/ufbmi/geographical-entity-ontology/master/geo.owl; https://raw.githubusercontent.com/obcs/obcs/master/release/20180222/obcs_merged_inferred.owl; https://raw.githubusercontent.com/EuPath-ontology/EuPath-ontology/2019-09-04/eupath.owl; https://raw.githubusercontent.com/aellenhicks/htn_owl/master/htn.owl; https://raw.githubusercontent.com/OOSTT/OOSTT/master/oostt.owl; https://raw.githubusercontent.com/evidenceontology/evidenceontology/master/eco.owl; https://raw.githubusercontent.com/biobanking/ontology/20190620/obib.owl; https://raw.githubusercontent.com/obi-ontology/obi/v2019-08-06/obi.owl; https://raw.githubusercontent.com/ISA-tools/stato/dev/releases/latest_release/stato.owl; https://raw.githubusercontent.com/obi-bcgo/bcgo/master/release/20150708/bcgo_merged_inferred.owl; https://raw.githubusercontent.com/OPMI/opmi/master/src/ontology/opmi-merged.owl; https://raw.githubusercontent.com/ICO-ontology/ICO/master/ico.owl; https://raw.githubusercontent.com/vaccineontology/VO/master/src/VO_merged.owl; https://raw.githubusercontent.com/OHMI-ontology/OHMI/v2019-09-17/ohmi.owl; https://raw.githubusercontent.com/DIDEO/DIDEO/master/dideo.owl
has_specified_input	ObjectProperty	http://purl.obolibrary.org/obo/OBI_0000293	A relation between a planned process and a continuant participating in that process that is not created during  the process. The presence of the continuant during the process is explicitly specified in the plan specification which the process realizes the concretization of.	has_specified_input			PERSON: Larry Hunter; PERSON: Melanie Coutot; PERSON: Bjoern Peters; PERSON: Alan Ruttenberg		OBI	http://purl.obolibrary.org/obo/obi.owl		https://raw.githubusercontent.com/PlantPhenoOntology/ppo/master/releases/2018-10-26/ppo.owl; https://raw.githubusercontent.com/ufbmi/geographical-entity-ontology/master/geo.owl; https://raw.githubusercontent.com/IEDB/MRO/master/mro.owl; https://raw.githubusercontent.com/obcs/obcs/master/release/20180222/obcs_merged_inferred.owl; https://raw.githubusercontent.com/EuPath-ontology/EuPath-ontology/2019-09-04/eupath.owl; https://raw.githubusercontent.com/MPIO-Developers/MPIO/master/mpio.owl; https://raw.githubusercontent.com/aellenhicks/htn_owl/master/htn.owl; https://raw.githubusercontent.com/alanruttenberg/ohd-ontology/master/src/ontology/ohd-2016-06-27-merged-inferred.owl; https://raw.githubusercontent.com/evidenceontology/evidenceontology/master/eco.owl; https://raw.githubusercontent.com/OHPI/ohpi/master/ohpi.owl; https://raw.githubusercontent.com/OVAE-Ontology/ovae/master/src/ontology/ovae_merged.owl; https://raw.githubusercontent.com/biobanking/ontology/20190620/obib.owl; https://raw.githubusercontent.com/information-artifact-ontology/IAO/v2019-06-07/iao.owl; https://raw.githubusercontent.com/obi-ontology/obi/v2019-08-06/obi.owl; https://raw.githubusercontent.com/OAE-ontology/OAE/master/src/oae_merged.owl; https://raw.githubusercontent.com/CLO-ontology/CLO/master/src/ontology/clo_merged.owl; https://raw.githubusercontent.com/ISA-tools/stato/dev/releases/latest_release/stato.owl; https://raw.githubusercontent.com/obi-bcgo/bcgo/master/release/20150708/bcgo_merged_inferred.owl; https://raw.githubusercontent.com/OPMI/opmi/master/src/ontology/opmi-merged.owl; https://raw.githubusercontent.com/ICO-ontology/ICO/master/ico.owl; https://raw.githubusercontent.com/rsc-ontologies/rsc-cmo/master/chmo.owl; https://raw.githubusercontent.com/linikujp/OGSF/master/src/ogsf-merged.owl; https://raw.githubusercontent.com/vaccineontology/VO/master/src/VO_merged.owl; https://www.eagle-i.net/ero/latest/ero.owl; https://raw.githubusercontent.com/OHMI-ontology/OHMI/v2019-09-17/ohmi.owl
has_specified_output	ObjectProperty	http://purl.obolibrary.org/obo/OBI_0000299	A relation between a planned process and a continuant participating in that process. The presence of the continuant at the end of the process is explicitly specified in the objective specification which the process realizes the concretization of.	has_specified_output			PERSON: Alan Ruttenberg; PERSON: Larry Hunter; PERSON: Bjoern Peters; PERSON: Melanie Courtot		OBI	http://purl.obolibrary.org/obo/obi.owl		https://raw.githubusercontent.com/PlantPhenoOntology/ppo/master/releases/2018-10-26/ppo.owl; https://raw.githubusercontent.com/ufbmi/geographical-entity-ontology/master/geo.owl; https://raw.githubusercontent.com/IEDB/MRO/master/mro.owl; https://raw.githubusercontent.com/obcs/obcs/master/release/20180222/obcs_merged_inferred.owl; https://raw.githubusercontent.com/EuPath-ontology/EuPath-ontology/2019-09-04/eupath.owl; https://raw.githubusercontent.com/aellenhicks/htn_owl/master/htn.owl; https://raw.githubusercontent.com/alanruttenberg/ohd-ontology/master/src/ontology/ohd-2016-06-27-merged-inferred.owl; https://raw.githubusercontent.com/evidenceontology/evidenceontology/master/eco.owl; https://raw.githubusercontent.com/OHPI/ohpi/master/ohpi.owl; https://raw.githubusercontent.com/OVAE-Ontology/ovae/master/src/ontology/ovae_merged.owl; https://raw.githubusercontent.com/biobanking/ontology/20190620/obib.owl; https://raw.githubusercontent.com/information-artifact-ontology/IAO/v2019-06-07/iao.owl; https://raw.githubusercontent.com/obi-ontology/obi/v2019-08-06/obi.owl; https://raw.githubusercontent.com/OAE-ontology/OAE/master/src/oae_merged.owl; https://raw.githubusercontent.com/CLO-ontology/CLO/master/src/ontology/clo_merged.owl; https://raw.githubusercontent.com/ISA-tools/stato/dev/releases/latest_release/stato.owl; https://raw.githubusercontent.com/obi-bcgo/bcgo/master/release/20150708/bcgo_merged_inferred.owl; https://raw.githubusercontent.com/OPMI/opmi/master/src/ontology/opmi-merged.owl; https://raw.githubusercontent.com/ICO-ontology/ICO/master/ico.owl; https://raw.githubusercontent.com/rsc-ontologies/rsc-cmo/master/chmo.owl; https://raw.githubusercontent.com/linikujp/OGSF/master/src/ogsf-merged.owl; https://raw.githubusercontent.com/vaccineontology/VO/master/src/VO_merged.owl; https://www.eagle-i.net/ero/latest/ero.owl; https://raw.githubusercontent.com/OHMI-ontology/OHMI/v2019-09-17/ohmi.owl
hasURL	unknown	http://purl.obolibrary.org/obo/ERO_0000480							ERO	http://purl.obolibrary.org/obo/ero.owl		https://raw.githubusercontent.com/ApolloDev/apollo-sv/master/src/ontology/apollo-sv.owl; https://github.com/monarch-initiative/SEPIO-ontology/releases/download/current/sepio.owl; https://www.eagle-i.net/ero/latest/ero.owl
Homo sapiens	Class	http://purl.obolibrary.org/obo/NCBITaxon_9606							NCBITaxon	http://purl.obolibrary.org/obo/ncbitaxon.owl		http://purl.obolibrary.org/obo/opl/2019-07-12/opl.owl; https://raw.githubusercontent.com/OPL-ontology/OPL/v2019-07-12/opl.owl; https://raw.githubusercontent.com/infectious-disease-ontology/infectious-disease-ontology/2017-11-03/ido.owl; https://www.eagle-i.net/ero/latest/ero.owl; https://raw.githubusercontent.com/ontoneo-project/Ontoneo/master/ontoneo.owl; https://raw.githubusercontent.com/OHMI-ontology/OHMI/v2019-09-17/ohmi.owl; https://raw.githubusercontent.com/DIDEO/DIDEO/master/dideo.owl
hospital	Class	http://vivoweb.org/ontology/core#Hospital	"An institution that provides medical, surgical, psychiatric or nursing care."						VIVO	http://vivoweb.org/ontology/core		https://www.eagle-i.net/ero/latest/ero.owl
host population	Class	http://purl.obolibrary.org/obo/APOLLO_SV_00000516	A population of organisms some of which were susceptible to infection with a particular pathogen at some point in their lives.	host population		population of host organisms	William R. Hogan		apollo-sv	http://purl.obolibrary.org/obo/apollo_sv.owl		https://raw.githubusercontent.com/ApolloDev/apollo-sv/master/src/ontology/apollo-sv.owl
human readable synopsis	unknown	http://purl.obolibrary.org/obo/APOLLO_SV_00000523	A comment that summarizes the most relevant or salient features and history of the entity for human readers.	human readable synopsis			William R. Hogan		apollo-sv	http://purl.obolibrary.org/obo/apollo_sv.owl		https://raw.githubusercontent.com/ApolloDev/apollo-sv/master/src/ontology/apollo-sv.owl
infectious disease forecast objective specification	Class	http://purl.obolibrary.org/obo/APOLLO_SV_00000581	"An objective specification that is realized by the estimation of one or more predicted data items that are about 1) some infection in ecosystem and 2) potential changes to its number of participants (e.g., individuals within a host population, individuals within a vector population) relative to a particular temporal region; and is part of some infectious disease forecasting software."				William R. Hogan; Matthew Diller		apollo-sv	http://purl.obolibrary.org/obo/apollo_sv.owl		https://raw.githubusercontent.com/ApolloDev/apollo-sv/master/src/ontology/apollo-sv.owl
infectious disease forecasting software	Class	http://purl.obolibrary.org/obo/APOLLO_SV_00000557	Simulation software that has as output one or more predicted count data items that are about a host population and that predict how many infections will occur at or will have occurred at some temporal region relative to when the data items are created.	software that forecasts disease transmission		disease forecasting; disease transmission forecasting	Matthew Diller; William R. Hogan		apollo-sv	http://purl.obolibrary.org/obo/apollo_sv.owl	v4.1.1	https://raw.githubusercontent.com/ApolloDev/apollo-sv/master/src/ontology/apollo-sv.owl
infectious disease nowcast objective specification	Class	http://purl.obolibrary.org/obo/APOLLO_SV_00000582	"An infectious disease forecasting objective specification that is realized by the estimation of one or more predicted data items that are about some infection in ecosystem as they are occurring in real time, and is part of some infectious disease nowcasting software."				Matthew Diller; William R. Hogan		apollo-sv	http://purl.obolibrary.org/obo/apollo_sv.owl		https://raw.githubusercontent.com/ApolloDev/apollo-sv/master/src/ontology/apollo-sv.owl
infectious disease scenario	Class	http://purl.obolibrary.org/obo/APOLLO_SV_00000184	A dataset that represents at least one pathogen population (of a particular biological taxon) in one host population (of a particular biological taxon) in an ecosystem in a particular location at a particular point in time.				William R. Hogan		apollo-sv	http://purl.obolibrary.org/obo/apollo_sv.owl		https://raw.githubusercontent.com/ApolloDev/apollo-sv/master/src/ontology/apollo-sv.owl
information carrier	Class	http://purl.obolibrary.org/obo/IAO_0000015	A quality of an information bearer that imparts the information content						IAO	http://purl.obolibrary.org/obo/iao.owl		https://raw.githubusercontent.com/AgriculturalSemantics/agro/master/agro.owl; https://raw.githubusercontent.com/aellenhicks/htn_owl/master/htn.owl; https://raw.githubusercontent.com/evidenceontology/evidenceontology/master/eco.owl; https://raw.githubusercontent.com/OHPI/ohpi/master/ohpi.owl; https://raw.githubusercontent.com/information-artifact-ontology/IAO/v2019-06-07/iao.owl; https://raw.githubusercontent.com/obi-ontology/obi/v2019-08-06/obi.owl; https://raw.githubusercontent.com/ISA-tools/stato/dev/releases/latest_release/stato.owl; https://raw.githubusercontent.com/ICO-ontology/ICO/master/ico.owl
institute	Class	http://vivoweb.org/ontology/core#Institute	"An Institute normally has a research focus but may also fulfill instructional or outreach roles; An organization founded to pursue or promote certain research, educational or public policy interests or activities."						VIVO	http://vivoweb.org/ontology/core		https://www.eagle-i.net/ero/latest/ero.owl
is about	ObjectProperty	http://purl.obolibrary.org/obo/IAO_0000136	is_about is a (currently) primitive relation that relates an information artifact to an entity.				person:Alan Ruttenberg		IAO	http://purl.obolibrary.org/obo/iao.owl		https://raw.githubusercontent.com/obophenotype/planarian-phenotype-ontology/master/planp.owl; https://raw.githubusercontent.com/ApolloDev/apollo-sv/master/src/ontology/apollo-sv.owl; https://raw.githubusercontent.com/PlantPhenoOntology/ppo/master/releases/2018-10-26/ppo.owl; https://raw.githubusercontent.com/ufbmi/geographical-entity-ontology/master/geo.owl; https://raw.githubusercontent.com/IEDB/MRO/master/mro.owl; https://raw.githubusercontent.com/obcs/obcs/master/release/20180222/obcs_merged_inferred.owl; https://raw.githubusercontent.com/EcologicalSemantics/ecocore/master/ecocore.owl; https://raw.githubusercontent.com/EuPath-ontology/EuPath-ontology/2019-09-04/eupath.owl; https://raw.githubusercontent.com/MPIO-Developers/MPIO/master/mpio.owl; https://raw.githubusercontent.com/aellenhicks/htn_owl/master/htn.owl; https://github.com/monarch-initiative/SEPIO-ontology/releases/download/current/sepio.owl; https://raw.githubusercontent.com/obophenotype/xenopus-phenotype-ontology/master/xpo.owl; https://raw.githubusercontent.com/alanruttenberg/ohd-ontology/master/src/ontology/ohd-2016-06-27-merged-inferred.owl; https://raw.githubusercontent.com/evidenceontology/evidenceontology/master/eco.owl; https://raw.githubusercontent.com/OHPI/ohpi/master/ohpi.owl; https://raw.githubusercontent.com/biobanking/ontology/20190620/obib.owl; https://raw.githubusercontent.com/information-artifact-ontology/IAO/v2019-06-07/iao.owl; https://raw.githubusercontent.com/obi-ontology/obi/v2019-08-06/obi.owl; https://raw.githubusercontent.com/CLO-ontology/CLO/master/src/ontology/clo_merged.owl; https://raw.githubusercontent.com/ISA-tools/stato/dev/releases/latest_release/stato.owl; https://raw.githubusercontent.com/obi-bcgo/bcgo/master/release/20150708/bcgo_merged_inferred.owl; https://raw.githubusercontent.com/GenEpiO/genepio/master/genepio.owl; https://raw.githubusercontent.com/obophenotype/c-elegans-phenotype-ontology/master/wbphenotype.owl; https://raw.githubusercontent.com/OPMI/opmi/master/src/ontology/opmi-merged.owl; https://raw.githubusercontent.com/ICO-ontology/ICO/master/ico.owl; https://raw.githubusercontent.com/rsc-ontologies/rsc-cmo/master/chmo.owl; https://raw.githubusercontent.com/linikujp/OGSF/master/src/ogsf-merged.owl; https://raw.githubusercontent.com/vaccineontology/VO/master/src/VO_merged.owl; https://raw.githubusercontent.com/obophenotype/planaria-ontology/master/plana.owl; https://raw.githubusercontent.com/OHMI-ontology/OHMI/v2019-09-17/ohmi.owl
is aggregate of	ObjectProperty	http://purl.obolibrary.org/obo/BFO_0000075		is aggregate of		aggregate_of; aggregate of			BFO	http://purl.obolibrary.org/obo/bfo.owl		https://raw.githubusercontent.com/ApolloDev/apollo-sv/master/src/ontology/apollo-sv.owl; https://raw.githubusercontent.com/ufbmi/geographical-entity-ontology/master/geo.owl; https://raw.githubusercontent.com/alanruttenberg/ohd-ontology/master/src/ontology/ohd-2016-06-27-merged-inferred.owl; https://raw.githubusercontent.com/OOSTT/OOSTT/master/oostt.owl
is concretized as	ObjectProperty	http://purl.obolibrary.org/obo/RO_0000058	"A relationship between a generically dependent continuant and a specifically dependent continuant, in which the generically dependent continuant depends on some independent continuant in virtue of the fact that the specifically dependent continuant also depends on that same independent continuant. A generically dependent continuant may be concretized as multiple specifically dependent continuants."						RO	http://purl.obolibrary.org/obo/ro.owl		http://purl.obolibrary.org/obo/ido/2017-11-03/ido.owl; https://raw.githubusercontent.com/infectious-disease-ontology/infectious-disease-ontology/2017-11-03/ido.owl; https://raw.githubusercontent.com/OHMI-ontology/OHMI/v2019-09-17/ohmi.owl
is contact information about	ObjectProperty	http://purl.obolibrary.org/obo/OMIABIS_0000042	"a is contact information for b, if a is a information content entity, b is a human being or an organization and a identifies a physical location or electronic resource that allows to initiate communication with a."				Mathias Brochhausen		OMIABIS			https://raw.githubusercontent.com/biobanking/ontology/20190620/obib.owl
is realized by	ObjectProperty	http://purl.obolibrary.org/obo/BFO_0000054	Relation between a realizable and a process. Reciprocal relation of realizes [GOC:cjm]	obsolete_is_realized_by		executed_during; realized_by; has_realization; realized by; is_realized_as	PERSON: Chris Mungall; GROUP:OBI:<http://obi.sourceforge.net>		BFO	http://purl.obolibrary.org/obo/bfo.owl		http://purl.obolibrary.org/obo/genepio/releases/2019-12-02/genepio.owl; https://raw.githubusercontent.com/GenEpiO/genepio/master/genepio.owl; https://raw.githubusercontent.com/INO-ontology/ino/master/src/ino_merged.owl; https://raw.githubusercontent.com/OPMI/opmi/master/src/ontology/opmi-merged.owl; https://raw.githubusercontent.com/ICO-ontology/ICO/master/ico.owl; https://raw.githubusercontent.com/rsc-ontologies/rsc-cmo/master/chmo.owl; https://raw.githubusercontent.com/linikujp/OGSF/master/src/ogsf-merged.owl; https://raw.githubusercontent.com/vaccineontology/VO/master/src/VO_merged.owl; https://bitbucket.org/hegroup/ogg/raw/master/ogg-merged.owl; https://raw.githubusercontent.com/obophenotype/cell-ontology/master/cl.owl; https://raw.githubusercontent.com/OPL-ontology/OPL/v2019-07-12/opl.owl; https://raw.githubusercontent.com/infectious-disease-ontology/infectious-disease-ontology/2017-11-03/ido.owl; https://raw.githubusercontent.com/OHMI-ontology/OHMI/v2019-09-17/ohmi.owl
label	unknown	http://www.w3.org/2000/01/rdf-schema#label							RDFS			https://raw.githubusercontent.com/ApolloDev/apollo-sv/master/src/ontology/apollo-sv.owl; https://raw.githubusercontent.com/PHI-base/phipo/master/phipo.owl; https://raw.githubusercontent.com/ufbmi/geographical-entity-ontology/master/geo.owl; https://raw.githubusercontent.com/safisher/ornaseq/2019-07-08/ornaseq.owl; https://raw.githubusercontent.com/IEDB/MRO/master/mro.owl; https://raw.githubusercontent.com/obcs/obcs/master/release/20180222/obcs_merged_inferred.owl; https://raw.githubusercontent.com/EuPath-ontology/EuPath-ontology/2019-09-04/eupath.owl; https://raw.githubusercontent.com/MPIO-Developers/MPIO/master/mpio.owl; https://raw.githubusercontent.com/aellenhicks/htn_owl/master/htn.owl; https://raw.githubusercontent.com/obophenotype/xenopus-phenotype-ontology/master/xpo.owl; https://raw.githubusercontent.com/OOSTT/OOSTT/master/oostt.owl; https://raw.githubusercontent.com/OHPI/ohpi/master/ohpi.owl; https://raw.githubusercontent.com/OVAE-Ontology/ovae/master/src/ontology/ovae_merged.owl; https://raw.githubusercontent.com/biobanking/ontology/20190620/obib.owl; https://raw.githubusercontent.com/information-artifact-ontology/IAO/v2019-06-07/iao.owl; https://raw.githubusercontent.com/obi-ontology/obi/v2019-08-06/obi.owl; https://raw.githubusercontent.com/OAE-ontology/OAE/master/src/oae_merged.owl; https://raw.githubusercontent.com/microbial-conditions-ontology/microbial-conditions-ontology/master/mco.owl; https://raw.githubusercontent.com/CLO-ontology/CLO/master/src/ontology/clo_merged.owl; https://raw.githubusercontent.com/ISA-tools/stato/dev/releases/latest_release/stato.owl; https://raw.githubusercontent.com/obi-bcgo/bcgo/master/release/20150708/bcgo_merged_inferred.owl; https://raw.githubusercontent.com/GenEpiO/genepio/master/genepio.owl; https://raw.githubusercontent.com/ontoice/ICEO/master/src/iceo_merged.owl; https://raw.githubusercontent.com/INO-ontology/ino/master/src/ino_merged.owl; https://raw.githubusercontent.com/obophenotype/c-elegans-phenotype-ontology/master/wbphenotype.owl; https://raw.githubusercontent.com/OPMI/opmi/master/src/ontology/opmi-merged.owl; https://raw.githubusercontent.com/ICO-ontology/ICO/master/ico.owl; https://raw.githubusercontent.com/vaccineontology/VO/master/src/VO_merged.owl; https://raw.githubusercontent.com/OPL-ontology/OPL/v2019-07-12/opl.owl; https://raw.githubusercontent.com/infectious-disease-ontology/infectious-disease-ontology/2017-11-03/ido.owl; https://raw.githubusercontent.com/OHMI-ontology/OHMI/v2019-09-17/ohmi.owl; https://raw.githubusercontent.com/DIDEO/DIDEO/master/dideo.owl
Laboratory	Class	http://vivoweb.org/ontology/core#Laboratory	"An organizational unit (as opposed to the physical facility) that performs research, provides services, or processes materials"	Laboratory					VIVO	http://vivoweb.org/ontology/core		https://raw.githubusercontent.com/biobanking/ontology/20190620/obib.owl; https://www.eagle-i.net/ero/latest/ero.owl
legal person role	Class	http://purl.obolibrary.org/obo/OMRSE_00000038	A role borne by a human individual or by a collection of humans regarded as possessing rights and duties enforeable at law.						OMRSE	http://purl.obolibrary.org/obo/omrse.owl		https://raw.githubusercontent.com/OOSTT/OOSTT/master/oostt.owl; https://raw.githubusercontent.com/biobanking/ontology/20190620/obib.owl; https://raw.githubusercontent.com/OPMI/opmi/master/src/ontology/opmi-merged.owl; https://raw.githubusercontent.com/ICO-ontology/ICO/master/ico.owl
located in	ObjectProperty	http://purl.obolibrary.org/obo/RO_0001025	"a relation between two independent continuants, the target and the location, in which the target is entirely within the location"	located in		located_in			RO	http://purl.obolibrary.org/obo/ro.owl		http://purl.obolibrary.org/obo/po/releases/2019-06-05/po.owl; https://raw.githubusercontent.com/Planteome/plant-ontology/master/po.owl; https://raw.githubusercontent.com/ISA-tools/stato/dev/releases/latest_release/stato.owl; https://raw.githubusercontent.com/obi-bcgo/bcgo/master/release/20150708/bcgo_merged_inferred.owl; https://raw.githubusercontent.com/GenEpiO/genepio/master/genepio.owl; https://raw.githubusercontent.com/obophenotype/c-elegans-phenotype-ontology/master/wbphenotype.owl; https://raw.githubusercontent.com/OPMI/opmi/master/src/ontology/opmi-merged.owl; https://raw.githubusercontent.com/ICO-ontology/ICO/master/ico.owl; https://raw.githubusercontent.com/vaccineontology/VO/master/src/VO_merged.owl; https://raw.githubusercontent.com/EBISPOT/ancestro/master/hancestro_inferred.owl; https://github.com/obophenotype/mammalian-phenotype-ontology/releases/download/current/mp.owl; https://raw.githubusercontent.com/obophenotype/cell-ontology/master/cl.owl; https://raw.githubusercontent.com/OPL-ontology/OPL/v2019-07-12/opl.owl; https://raw.githubusercontent.com/infectious-disease-ontology/infectious-disease-ontology/2017-11-03/ido.owl; https://www.eagle-i.net/ero/latest/ero.owl; https://raw.githubusercontent.com/OHMI-ontology/OHMI/v2019-09-17/ohmi.owl
male gender role	Class	http://purl.obolibrary.org/obo/OMRSE_00000008	A gender role borne by a human being that is realized in behaviour which is considered socially appropriate for individuals of the male sex in the context of the culture in question.			male gender	Mathias Brochhausen		OMRSE	http://purl.obolibrary.org/obo/omrse.owl		https://raw.githubusercontent.com/ApolloDev/apollo-sv/master/src/ontology/apollo-sv.owl; https://raw.githubusercontent.com/alanruttenberg/ohd-ontology/master/src/ontology/ohd-2016-06-27-merged-inferred.owl; https://raw.githubusercontent.com/OPMI/opmi/master/src/ontology/opmi-merged.owl
material entity	Class	http://purl.obolibrary.org/obo/BFO_0000040	An independent continuant that is spatially extended whose identity is independent of that of other entities and can be maintained through time.						BFO	http://purl.obolibrary.org/obo/bfo.owl		http://purl.obolibrary.org/obo/pco/releases/2020-02-13/pco.owl; https://raw.githubusercontent.com/PopulationAndCommunityOntology/pco/master/pco.owl; https://raw.githubusercontent.com/OPMI/opmi/master/src/ontology/opmi-merged.owl; https://raw.githubusercontent.com/ICO-ontology/ICO/master/ico.owl; https://raw.githubusercontent.com/FlyBase/drosophila-developmental-ontology/master/fbdv.owl; https://raw.githubusercontent.com/rsc-ontologies/rsc-cmo/master/chmo.owl; https://raw.githubusercontent.com/linikujp/OGSF/master/src/ogsf-merged.owl; https://raw.githubusercontent.com/vaccineontology/VO/master/src/VO_merged.owl; https://bitbucket.org/hegroup/ogg/raw/master/ogg-merged.owl; https://raw.githubusercontent.com/obophenotype/planaria-ontology/master/plana.owl; https://github.com/obophenotype/mammalian-phenotype-ontology/releases/download/current/mp.owl; https://raw.githubusercontent.com/obophenotype/cell-ontology/master/cl.owl; https://raw.githubusercontent.com/OPL-ontology/OPL/v2019-07-12/opl.owl; https://raw.githubusercontent.com/FlyBase/flybase-controlled-vocabulary/master/fbcv.owl; https://raw.githubusercontent.com/infectious-disease-ontology/infectious-disease-ontology/2017-11-03/ido.owl; https://www.eagle-i.net/ero/latest/ero.owl; https://raw.githubusercontent.com/OHMI-ontology/OHMI/v2019-09-17/ohmi.owl
member of	ObjectProperty	http://purl.obolibrary.org/obo/RO_0002350	is member of is a mereological relation between a item and a collection.			is member of; member part of			RO	http://purl.obolibrary.org/obo/ro.owl		http://purl.obolibrary.org/obo/mp/releases/2020-03-09; https://github.com/obophenotype/mammalian-phenotype-ontology/releases/download/current/mp.owl; https://raw.githubusercontent.com/obophenotype/cell-ontology/master/cl.owl; https://raw.githubusercontent.com/OPL-ontology/OPL/v2019-07-12/opl.owl; https://raw.githubusercontent.com/FlyBase/flybase-controlled-vocabulary/master/fbcv.owl; https://raw.githubusercontent.com/infectious-disease-ontology/infectious-disease-ontology/2017-11-03/ido.owl; https://www.eagle-i.net/ero/latest/ero.owl
metagenomics analysis software	Class	http://purl.obolibrary.org/obo/APOLLO_SV_00000592		metagenomics analysis software			Matthew Diller; William R. Hogan		apollo-sv	http://purl.obolibrary.org/obo/apollo_sv.owl		https://raw.githubusercontent.com/ApolloDev/apollo-sv/master/src/ontology/apollo-sv.owl
mortality data	Class	http://purl.obolibrary.org/obo/APOLLO_SV_00000542	A data set that is about either some mortality rate or the death events themselves of some individuals of a given population of a particular biological taxon.	population mortality data set			William R. Hogan; Matthew Diller		apollo-sv	http://purl.obolibrary.org/obo/apollo_sv.owl		https://raw.githubusercontent.com/ApolloDev/apollo-sv/master/src/ontology/apollo-sv.owl
obsolete has active participant	ObjectProperty	http://purl.obolibrary.org/obo/RO_0002218	x has participant y if and only if x realizes some active role that inheres in y			has agent	Chris Mungall		RO	http://purl.obolibrary.org/obo/ro.owl		http://purl.obolibrary.org/obo/ro/releases/2020-02-26/ro.owl; https://raw.githubusercontent.com/oborel/obo-relations/master/ro.owl; https://raw.githubusercontent.com/OHPI/ohpi/master/ohpi.owl; https://raw.githubusercontent.com/obophenotype/human-phenotype-ontology/master/hp.owl; https://raw.githubusercontent.com/pato-ontology/pato/master/pato.owl; https://raw.githubusercontent.com/obi-bcgo/bcgo/master/release/20150708/bcgo_merged_inferred.owl; https://raw.githubusercontent.com/obophenotype/c-elegans-phenotype-ontology/master/wbphenotype.owl; https://raw.githubusercontent.com/OPMI/opmi/master/src/ontology/opmi-merged.owl; https://raw.githubusercontent.com/ICO-ontology/ICO/master/ico.owl; https://raw.githubusercontent.com/FlyBase/drosophila-developmental-ontology/master/fbdv.owl; https://raw.githubusercontent.com/linikujp/OGSF/master/src/ogsf-merged.owl; https://raw.githubusercontent.com/obophenotype/planaria-ontology/master/plana.owl; https://github.com/obophenotype/mammalian-phenotype-ontology/releases/download/current/mp.owl; https://raw.githubusercontent.com/obophenotype/cell-ontology/master/cl.owl; https://raw.githubusercontent.com/FlyBase/flybase-controlled-vocabulary/master/fbcv.owl
occupies temporal region	ObjectProperty	http://purl.obolibrary.org/obo/BFO_0000155							BFO	http://purl.obolibrary.org/obo/bfo.owl		https://raw.githubusercontent.com/ApolloDev/apollo-sv/master/src/ontology/apollo-sv.owl; https://raw.githubusercontent.com/OHPI/ohpi/master/ohpi.owl; https://raw.githubusercontent.com/OVAE-Ontology/ovae/master/src/ontology/ovae_merged.owl; https://raw.githubusercontent.com/CLO-ontology/CLO/master/src/ontology/clo_merged.owl; https://raw.githubusercontent.com/ICO-ontology/ICO/master/ico.owl; https://raw.githubusercontent.com/linikujp/OGSF/master/src/ogsf-merged.owl; https://bitbucket.org/hegroup/ogg/raw/master/ogg-merged.owl
one-dimensional temporal region	Class	http://purl.obolibrary.org/obo/BFO_0000038							BFO	http://purl.obolibrary.org/obo/bfo.owl		http://purl.obolibrary.org/obo/ncro/2015-12-10/ncro-combined.owl; https://raw.githubusercontent.com/OmniSearch/ncro/release-2015-12-10/build/ncro-all-in-one.owl; https://raw.githubusercontent.com/BFO-ontology/BFO/v2019-08-26/bfo_classes_only.owl; https://raw.githubusercontent.com/INO-ontology/ino/master/src/ino_merged.owl; https://raw.githubusercontent.com/OPMI/opmi/master/src/ontology/opmi-merged.owl; https://raw.githubusercontent.com/ICO-ontology/ICO/master/ico.owl; https://raw.githubusercontent.com/vaccineontology/VO/master/src/VO_merged.owl; https://bitbucket.org/hegroup/ogg/raw/master/ogg-merged.owl; https://raw.githubusercontent.com/OPL-ontology/OPL/v2019-07-12/opl.owl; https://raw.githubusercontent.com/infectious-disease-ontology/infectious-disease-ontology/2017-11-03/ido.owl
ORCID	Class	http://purl.obolibrary.org/obo/APOLLO_SV_00000496	"An identifier curated by ORCID, Inc. to denote some academic author."				Matthew Diller; William R. Hogan		apollo-sv	http://purl.obolibrary.org/obo/apollo_sv.owl		https://raw.githubusercontent.com/ApolloDev/apollo-sv/master/src/ontology/apollo-sv.owl; https://raw.githubusercontent.com/biobanking/ontology/20190620/obib.owl
organization	Class	http://purl.obolibrary.org/obo/OBI_0000245	"An organization is a continuant entity which can play roles,  has members, and has a set of organization rules.  Members of organizations are either organizations themselves or individual people. Members can bear specific organization member roles that are determined in the organization rules. The organization rules also determine how decisions are made on behalf of the organization by the organization members."	organization			PERSON: Bjoern Peters; PERSON: Susanna Sansone; PERSON: Philippe Rocca-Serra; PERSON: Alan Ruttenberg		OBI	http://purl.obolibrary.org/obo/obi.owl	11/12/19	http://purl.obolibrary.org/obo/apollo_sv/v4.1.1./apollo_sv.owl; https://raw.githubusercontent.com/ApolloDev/apollo-sv/master/src/ontology/apollo-sv.owl; https://raw.githubusercontent.com/ufbmi/geographical-entity-ontology/master/geo.owl; https://raw.githubusercontent.com/safisher/ornaseq/2019-07-08/ornaseq.owl; https://raw.githubusercontent.com/AgriculturalSemantics/agro/master/agro.owl; https://raw.githubusercontent.com/obcs/obcs/master/release/20180222/obcs_merged_inferred.owl; https://raw.githubusercontent.com/EuPath-ontology/EuPath-ontology/2019-09-04/eupath.owl; https://raw.githubusercontent.com/aellenhicks/htn_owl/master/htn.owl; https://raw.githubusercontent.com/alanruttenberg/ohd-ontology/master/src/ontology/ohd-2016-06-27-merged-inferred.owl; https://raw.githubusercontent.com/evidenceontology/evidenceontology/master/eco.owl; https://raw.githubusercontent.com/OHPI/ohpi/master/ohpi.owl; https://raw.githubusercontent.com/OVAE-Ontology/ovae/master/src/ontology/ovae_merged.owl; https://raw.githubusercontent.com/biobanking/ontology/20190620/obib.owl; https://raw.githubusercontent.com/obi-ontology/obi/v2019-08-06/obi.owl; https://raw.githubusercontent.com/CLO-ontology/CLO/master/src/ontology/clo_merged.owl; https://raw.githubusercontent.com/ISA-tools/stato/dev/releases/latest_release/stato.owl; https://raw.githubusercontent.com/obi-bcgo/bcgo/master/release/20150708/bcgo_merged_inferred.owl; https://raw.githubusercontent.com/OPMI/opmi/master/src/ontology/opmi-merged.owl; https://raw.githubusercontent.com/ICO-ontology/ICO/master/ico.owl; https://raw.githubusercontent.com/linikujp/OGSF/master/src/ogsf-merged.owl; https://raw.githubusercontent.com/vaccineontology/VO/master/src/VO_merged.owl
owns	ObjectProperty	http://purl.obolibrary.org/obo/OMIABIS_0000008							OMIABIS			https://raw.githubusercontent.com/ApolloDev/apollo-sv/master/src/ontology/apollo-sv.owl; https://raw.githubusercontent.com/biobanking/ontology/20190620/obib.owl
part of	ObjectProperty	http://purl.obolibrary.org/obo/BFO_0000050	a core relation that holds between a part and its whole	is part of		part_of			BFO	http://purl.obolibrary.org/obo/bfo.owl		http://purl.obolibrary.org/obo/bspo/releases/2019-07-24/bspo.owl; https://raw.githubusercontent.com/obophenotype/biological-spatial-ontology/master/bspo.owl; https://raw.githubusercontent.com/OPL-ontology/OPL/v2019-07-12/opl.owl; https://raw.githubusercontent.com/FlyBase/flybase-controlled-vocabulary/master/fbcv.owl; https://raw.githubusercontent.com/infectious-disease-ontology/infectious-disease-ontology/2017-11-03/ido.owl; https://www.eagle-i.net/ero/latest/ero.owl; https://raw.githubusercontent.com/OHMI-ontology/OHMI/v2019-09-17/ohmi.owl; https://raw.githubusercontent.com/DIDEO/DIDEO/master/dideo.owl
pathogen evolution model	Class	http://purl.obolibrary.org/obo/APOLLO_SV_00000544	Simulation software that simulates the evolution over time of a particular pathogen of a particular biological taxon.	pathogen evolution model software			Matthew Diller; William R. Hogan		apollo-sv	http://purl.obolibrary.org/obo/apollo_sv.owl		https://raw.githubusercontent.com/ApolloDev/apollo-sv/master/src/ontology/apollo-sv.owl
phylogenetic tree constructor software	Class	http://purl.obolibrary.org/obo/APOLLO_SV_00000563							apollo-sv	http://purl.obolibrary.org/obo/apollo_sv.owl		https://raw.githubusercontent.com/ApolloDev/apollo-sv/master/src/ontology/apollo-sv.owl
plan specification	Class	http://purl.obolibrary.org/obo/IAO_0000104	"a directive information entity that when concretized it is realized in a process in which the bearer tries to achieve the objectives, in part by taking the actions specified. Plan specifications includes parts such as objective specification, action specifications and conditional specifications."	plan specification			Alan Ruttenberg		IAO	http://purl.obolibrary.org/obo/iao.owl		https://raw.githubusercontent.com/ApolloDev/apollo-sv/master/src/ontology/apollo-sv.owl; https://raw.githubusercontent.com/safisher/ornaseq/2019-07-08/ornaseq.owl; https://raw.githubusercontent.com/AgriculturalSemantics/agro/master/agro.owl; https://raw.githubusercontent.com/obcs/obcs/master/release/20180222/obcs_merged_inferred.owl; https://raw.githubusercontent.com/EuPath-ontology/EuPath-ontology/2019-09-04/eupath.owl; https://raw.githubusercontent.com/MPIO-Developers/MPIO/master/mpio.owl; https://raw.githubusercontent.com/aellenhicks/htn_owl/master/htn.owl; https://raw.githubusercontent.com/alanruttenberg/ohd-ontology/master/src/ontology/ohd-2016-06-27-merged-inferred.owl; https://raw.githubusercontent.com/evidenceontology/evidenceontology/master/eco.owl; https://raw.githubusercontent.com/OHPI/ohpi/master/ohpi.owl; https://raw.githubusercontent.com/evoinfo/miapa/master/ontology/miapa.owl; https://raw.githubusercontent.com/biobanking/ontology/20190620/obib.owl; https://raw.githubusercontent.com/information-artifact-ontology/IAO/v2019-06-07/iao.owl; https://raw.githubusercontent.com/obi-ontology/obi/v2019-08-06/obi.owl; https://raw.githubusercontent.com/CLO-ontology/CLO/master/src/ontology/clo_merged.owl; https://raw.githubusercontent.com/ISA-tools/stato/dev/releases/latest_release/stato.owl; https://raw.githubusercontent.com/obi-bcgo/bcgo/master/release/20150708/bcgo_merged_inferred.owl; https://raw.githubusercontent.com/OPMI/opmi/master/src/ontology/opmi-merged.owl; https://raw.githubusercontent.com/ICO-ontology/ICO/master/ico.owl; https://raw.githubusercontent.com/rsc-ontologies/rsc-cmo/master/chmo.owl; https://raw.githubusercontent.com/vaccineontology/VO/master/src/VO_merged.owl; https://www.eagle-i.net/ero/latest/ero.owl; https://raw.githubusercontent.com/OHMI-ontology/OHMI/v2019-09-17/ohmi.owl
planned process	Class	http://purl.obolibrary.org/obo/OBI_0000011	A processual entity that realizes a plan which is the concretization of a plan specification.	planned process			Bjoern Peters		OBI	http://purl.obolibrary.org/obo/obi.owl		http://purl.obolibrary.org/obo/ohmi/2019-09-17/ohmi.owl; https://raw.githubusercontent.com/OHMI-ontology/OHMI/v2019-09-17/ohmi.owl
population	Class	http://purl.obolibrary.org/obo/PCO_0000001	"A collection of organisms, all of the same species, that live in the same place."						PCO	http://purl.obolibrary.org/obo/pco.owl		https://raw.githubusercontent.com/ApolloDev/apollo-sv/master/src/ontology/apollo-sv.owl; https://raw.githubusercontent.com/EcologicalSemantics/ecocore/master/ecocore.owl; https://raw.githubusercontent.com/FlyBase/drosophila-phenotype-ontology/master/dpo.owl; https://raw.githubusercontent.com/PopulationAndCommunityOntology/pco/master/pco.owl
population census	Class	http://purl.obolibrary.org/obo/APOLLO_SV_00000153	The outcome of a population survey.						apollo-sv	http://purl.obolibrary.org/obo/apollo_sv.owl		https://raw.githubusercontent.com/ApolloDev/apollo-sv/master/src/ontology/apollo-sv.owl
population demographic census	Class	http://purl.obolibrary.org/obo/APOLLO_SV_00000159	A data set that is the specific outcome of a population demographic survey.				Mathias Brochhausen		apollo-sv	http://purl.obolibrary.org/obo/apollo_sv.owl		https://raw.githubusercontent.com/ApolloDev/apollo-sv/master/src/ontology/apollo-sv.owl
population dynamics model	Class	http://purl.obolibrary.org/obo/APOLLO_SV_00000540	An algorithm that simulates changes in the size and life stage distribution of a population or populations of organisms of a particular biological taxon.	model of population dynamics			William R. Hogan; Matthew Diller		apollo-sv	http://purl.obolibrary.org/obo/apollo_sv.owl		https://raw.githubusercontent.com/ApolloDev/apollo-sv/master/src/ontology/apollo-sv.owl
postal address	Class	http://purl.obolibrary.org/obo/IAO_0000422	"A textual entity that is used as directive to deliver something to a person, or organization"						IAO	http://purl.obolibrary.org/obo/iao.owl		https://raw.githubusercontent.com/aellenhicks/htn_owl/master/htn.owl; https://raw.githubusercontent.com/biobanking/ontology/20190620/obib.owl; https://raw.githubusercontent.com/information-artifact-ontology/IAO/v2019-06-07/iao.owl; https://raw.githubusercontent.com/obi-ontology/obi/v2019-08-06/obi.owl; https://raw.githubusercontent.com/OPMI/opmi/master/src/ontology/opmi-merged.owl; https://raw.githubusercontent.com/ICO-ontology/ICO/master/ico.owl
program	Class	http://vivoweb.org/ontology/core#Program	An ongoing academic initiative not formalized with department or division status.						VIVO	http://vivoweb.org/ontology/core		https://www.eagle-i.net/ero/latest/ero.owl
programming language	Class	http://purl.obolibrary.org/obo/IAO_0000025	"A language in which source code is written that is intended to be executed/run by a software interpreter. Programming languages are ways to write instructions that specify what to do, and sometimes, how to do it."	programming language			person:Chris Stoeckert; person:Alan Ruttenberg		IAO	http://purl.obolibrary.org/obo/iao.owl		https://raw.githubusercontent.com/aellenhicks/htn_owl/master/htn.owl; https://raw.githubusercontent.com/information-artifact-ontology/IAO/v2019-06-07/iao.owl; https://raw.githubusercontent.com/obi-ontology/obi/v2019-08-06/obi.owl; https://raw.githubusercontent.com/ICO-ontology/ICO/master/ico.owl; https://www.eagle-i.net/ero/latest/ero.owl
proper name	Class	http://purl.obolibrary.org/obo/IAO_0020000	A proper name is an information content entity that is the outcome of a dubbing process and is used to refer to one instance of entity shared by a group of people to refer to that individual entity.						IAO	http://purl.obolibrary.org/obo/iao.owl		https://raw.githubusercontent.com/EuPath-ontology/EuPath-ontology/2019-09-04/eupath.owl; https://raw.githubusercontent.com/biobanking/ontology/20190620/obib.owl; https://raw.githubusercontent.com/ICO-ontology/ICO/master/ico.owl; https://raw.githubusercontent.com/ontoneo-project/Ontoneo/master/ontoneo.owl; https://raw.githubusercontent.com/DIDEO/DIDEO/master/dideo.owl
proper part of continuant at all times	ObjectProperty	http://purl.obolibrary.org/obo/BFO_0000137	b proper_continuant_part_of c at t =Def. b continuant_part_of c at t  & b and c are not identical. (axiom label in BFO2 Reference: [004-001])						BFO	http://purl.obolibrary.org/obo/bfo.owl		https://raw.githubusercontent.com/ufbmi/geographical-entity-ontology/master/geo.owl; https://raw.githubusercontent.com/OHPI/ohpi/master/ohpi.owl; https://raw.githubusercontent.com/rsc-ontologies/rsc-cmo/master/chmo.owl; https://bitbucket.org/hegroup/ogg/raw/master/ogg-merged.owl
publication	Class	http://purl.obolibrary.org/obo/IAO_0000311	A document that has been accepted by a publisher	publication			PERSON: Lawrence Hunter		IAO	http://purl.obolibrary.org/obo/iao.owl		https://raw.githubusercontent.com/EuPath-ontology/EuPath-ontology/2019-09-04/eupath.owl; https://raw.githubusercontent.com/aellenhicks/htn_owl/master/htn.owl; https://github.com/monarch-initiative/SEPIO-ontology/releases/download/current/sepio.owl; https://raw.githubusercontent.com/information-artifact-ontology/IAO/v2019-06-07/iao.owl; https://raw.githubusercontent.com/obi-ontology/obi/v2019-08-06/obi.owl; https://raw.githubusercontent.com/obi-bcgo/bcgo/master/release/20150708/bcgo_merged_inferred.owl; https://raw.githubusercontent.com/ICO-ontology/ICO/master/ico.owl; https://raw.githubusercontent.com/linikujp/OGSF/master/src/ogsf-merged.owl
realizes	ObjectProperty	http://purl.obolibrary.org/obo/BFO_0000055		realizes					BFO	http://purl.obolibrary.org/obo/bfo.owl		https://raw.githubusercontent.com/ApolloDev/apollo-sv/master/src/ontology/apollo-sv.owl; https://raw.githubusercontent.com/PHI-base/phipo/master/phipo.owl; https://raw.githubusercontent.com/AgriculturalSemantics/agro/master/agro.owl; https://raw.githubusercontent.com/obcs/obcs/master/release/20180222/obcs_merged_inferred.owl; https://raw.githubusercontent.com/EcologicalSemantics/ecocore/master/ecocore.owl; https://raw.githubusercontent.com/EuPath-ontology/EuPath-ontology/2019-09-04/eupath.owl; https://raw.githubusercontent.com/aellenhicks/htn_owl/master/htn.owl; https://github.com/monarch-initiative/SEPIO-ontology/releases/download/current/sepio.owl; https://raw.githubusercontent.com/alanruttenberg/ohd-ontology/master/src/ontology/ohd-2016-06-27-merged-inferred.owl; https://raw.githubusercontent.com/rsc-ontologies/rxno/master/rxno.owl; https://raw.githubusercontent.com/evidenceontology/evidenceontology/master/eco.owl; https://raw.githubusercontent.com/rsc-ontologies/rxno/master/mop.owl; https://raw.githubusercontent.com/OHPI/ohpi/master/ohpi.owl; https://raw.githubusercontent.com/OVAE-Ontology/ovae/master/src/ontology/ovae_merged.owl; https://raw.githubusercontent.com/biobanking/ontology/20190620/obib.owl; https://raw.githubusercontent.com/information-artifact-ontology/IAO/v2019-06-07/iao.owl; https://raw.githubusercontent.com/obi-ontology/obi/v2019-08-06/obi.owl; https://raw.githubusercontent.com/OAE-ontology/OAE/master/src/oae_merged.owl; https://raw.githubusercontent.com/CLO-ontology/CLO/master/src/ontology/clo_merged.owl; https://raw.githubusercontent.com/ISA-tools/stato/dev/releases/latest_release/stato.owl; https://raw.githubusercontent.com/obi-bcgo/bcgo/master/release/20150708/bcgo_merged_inferred.owl; https://raw.githubusercontent.com/ontoice/ICEO/master/src/iceo_merged.owl; https://raw.githubusercontent.com/INO-ontology/ino/master/src/ino_merged.owl; https://raw.githubusercontent.com/OPMI/opmi/master/src/ontology/opmi-merged.owl; https://raw.githubusercontent.com/ICO-ontology/ICO/master/ico.owl; https://raw.githubusercontent.com/linikujp/OGSF/master/src/ogsf-merged.owl; https://raw.githubusercontent.com/vaccineontology/VO/master/src/VO_merged.owl; https://bitbucket.org/hegroup/ogg/raw/master/ogg-merged.owl; https://raw.githubusercontent.com/obophenotype/cell-ontology/master/cl.owl; https://raw.githubusercontent.com/OPL-ontology/OPL/v2019-07-12/opl.owl; https://raw.githubusercontent.com/infectious-disease-ontology/infectious-disease-ontology/2017-11-03/ido.owl; https://raw.githubusercontent.com/OHMI-ontology/OHMI/v2019-09-17/ohmi.owl
scalar value specification	Class	http://purl.obolibrary.org/obo/OBI_0001931	A value specification that consists of two parts: a numeral and a unit label	scalar value specification			PERSON:Bjoern Peters		OBI	http://purl.obolibrary.org/obo/obi.owl		http://purl.obolibrary.org/obo/dideo/release/2019-01-30/dideo.owl; https://raw.githubusercontent.com/DIDEO/DIDEO/master/dideo.owl
school	Class	http://vivoweb.org/ontology/core#School	An institution for instruction in a particular skill or field.						VIVO	http://vivoweb.org/ontology/core		https://www.eagle-i.net/ero/latest/ero.owl
simulates	unknown	http://purl.obolibrary.org/obo/APOLLO_SV_00000067	"a simulates b, iff a is a purely intentional entity that is representing a fictional individual or fact b and a participates in a simulating."						apollo-sv	http://purl.obolibrary.org/obo/apollo_sv.owl		https://raw.githubusercontent.com/ApolloDev/apollo-sv/master/src/ontology/apollo-sv.owl
simulating of process of type X	Class	http://purl.obolibrary.org/obo/APOLLO_SV_00000005	"a planned process that (1) has at least one process part that has as participants representations of participants (in place of those participants) of processes of type X, and where all such process parts substitute for parts of processes of type X, and (2) is carried out for the purpose of planning for processes of type X, learning more about processes of type X, or teaching about processes of type X."						apollo-sv	http://purl.obolibrary.org/obo/apollo_sv.owl		https://raw.githubusercontent.com/ApolloDev/apollo-sv/master/src/ontology/apollo-sv.owl
simulation of population	Class	http://purl.obolibrary.org/obo/APOLLO_SV_00000031	A simulation of a population or populations of organisms of a particular biological taxon that simulates a particular type of event or types of event that occur in a specified time interval.				Mathias Brochhausen		apollo-sv	http://purl.obolibrary.org/obo/apollo_sv.owl		https://raw.githubusercontent.com/ApolloDev/apollo-sv/master/src/ontology/apollo-sv.owl
simulation time step action specification	Class	http://purl.obolibrary.org/obo/APOLLO_SV_00000068	An action specification that specifies the length of the time steps interval assumed in a simulation.				Mathias Brochhausen		apollo-sv	http://purl.obolibrary.org/obo/apollo_sv.owl		https://raw.githubusercontent.com/ApolloDev/apollo-sv/master/src/ontology/apollo-sv.owl
software development	Class	http://purl.obolibrary.org/obo/APOLLO_SV_00000008	A planned process resulting in a software product involving the creation of source code.						apollo-sv	http://purl.obolibrary.org/obo/apollo_sv.owl		https://raw.githubusercontent.com/ApolloDev/apollo-sv/master/src/ontology/apollo-sv.owl
software execution	Class	http://purl.obolibrary.org/obo/OBIws_0000050	A planned process that realizes the concretization of a software.			operation	ITPPR		OBIws	http://purl.obolibrary.org/obo/obi/webService.owl	Release v1.1	https://raw.githubusercontent.com/ApolloDev/apollo-sv/master/src/ontology/apollo-sv.owl
software license	Class	http://purl.obolibrary.org/obo/APOLLO_SV_00000535	A copyright license that is about some software and contains one or more conditional specifications that specify the use and redistribution of the software.				Matthew Diller; William R. Hogan		apollo-sv	http://purl.obolibrary.org/obo/apollo_sv.owl		https://raw.githubusercontent.com/ApolloDev/apollo-sv/master/src/ontology/apollo-sv.owl
software license version identifier	Class	http://purl.obolibrary.org/obo/APOLLO_SV_00000537	"An identifier that, as part of a complete software license identifier, refers to one specific version of the software license."				Matthew Diller; William R. Hogan		apollo-sv	http://purl.obolibrary.org/obo/apollo_sv.owl		https://raw.githubusercontent.com/ApolloDev/apollo-sv/master/src/ontology/apollo-sv.owl
software version identifier	Class	http://purl.obolibrary.org/obo/APOLLO_SV_00000108	"An identifier that, as part of a complete software identifier, refers to one specific version of the software."						apollo-sv	http://purl.obolibrary.org/obo/apollo_sv.owl		https://raw.githubusercontent.com/ApolloDev/apollo-sv/master/src/ontology/apollo-sv.owl
source code repository	Class	http://purl.obolibrary.org/obo/APOLLO_SV_00000522	"A data set that comprises at least one set of source code files for software as well as provenance information about who contributed the set of files, and optionally multiple versions of files with detailed change history about who committed files and when, a license for the software, readme files, documentation, executables, etc."	software source code version control repository			William R. Hogan		apollo-sv	http://purl.obolibrary.org/obo/apollo_sv.owl		https://raw.githubusercontent.com/ApolloDev/apollo-sv/master/src/ontology/apollo-sv.owl
specifically depends on at some time	ObjectProperty	http://purl.obolibrary.org/obo/BFO_0000169							BFO	http://purl.obolibrary.org/obo/bfo.owl		https://raw.githubusercontent.com/ApolloDev/apollo-sv/master/src/ontology/apollo-sv.owl; https://raw.githubusercontent.com/OHPI/ohpi/master/ohpi.owl; https://raw.githubusercontent.com/OVAE-Ontology/ovae/master/src/ontology/ovae_merged.owl; https://raw.githubusercontent.com/CLO-ontology/CLO/master/src/ontology/clo_merged.owl; https://raw.githubusercontent.com/ontoice/ICEO/master/src/iceo_merged.owl; https://raw.githubusercontent.com/linikujp/OGSF/master/src/ogsf-merged.owl; https://bitbucket.org/hegroup/ogg/raw/master/ogg-merged.owl
study design	Class	http://purl.obolibrary.org/obo/OBI_0500000	A plan specification comprised of protocols (which may specify how and what kinds of data will be gathered) that are executed as part of an investigation and is realized during a study design execution.	study design		experimental design	PERSON: Chris Stoeckert		OBI	http://purl.obolibrary.org/obo/obi.owl		https://raw.githubusercontent.com/ApolloDev/apollo-sv/master/src/ontology/apollo-sv.owl; https://raw.githubusercontent.com/AgriculturalSemantics/agro/master/agro.owl; https://raw.githubusercontent.com/obcs/obcs/master/release/20180222/obcs_merged_inferred.owl; https://raw.githubusercontent.com/EuPath-ontology/EuPath-ontology/2019-09-04/eupath.owl; https://raw.githubusercontent.com/aellenhicks/htn_owl/master/htn.owl; https://raw.githubusercontent.com/evidenceontology/evidenceontology/master/eco.owl; https://raw.githubusercontent.com/biobanking/ontology/20190620/obib.owl; https://raw.githubusercontent.com/information-artifact-ontology/IAO/v2019-06-07/iao.owl; https://raw.githubusercontent.com/obi-ontology/obi/v2019-08-06/obi.owl; https://raw.githubusercontent.com/ISA-tools/stato/dev/releases/latest_release/stato.owl; https://raw.githubusercontent.com/obi-bcgo/bcgo/master/release/20150708/bcgo_merged_inferred.owl; https://raw.githubusercontent.com/OPMI/opmi/master/src/ontology/opmi-merged.owl; https://raw.githubusercontent.com/ICO-ontology/ICO/master/ico.owl; https://raw.githubusercontent.com/vaccineontology/VO/master/src/VO_merged.owl; https://www.eagle-i.net/ero/latest/ero.owl; https://raw.githubusercontent.com/DIDEO/DIDEO/master/dideo.owl
study design execution	Class	http://purl.obolibrary.org/obo/OBI_0000471	a planned process that carries out a study design						OBI	http://purl.obolibrary.org/obo/obi.owl		http://purl.obolibrary.org/obo/2019-03-26/ico.owl; https://raw.githubusercontent.com/ICO-ontology/ICO/master/ico.owl; https://www.eagle-i.net/ero/latest/ero.owl
synthetic ecosystem constructor	Class	http://purl.obolibrary.org/obo/APOLLO_SV_00000567	"A software that when compiled and run, has specified output of an agent-level ecosystem data set."	synthetic ecosystem constructor software		software for creating a synthetic ecosystem dataset	William R. Hogan		apollo-sv	http://purl.obolibrary.org/obo/apollo_sv.owl		https://raw.githubusercontent.com/ApolloDev/apollo-sv/master/src/ontology/apollo-sv.owl
telephone number	Class	http://purl.obolibrary.org/obo/OPMI_0000112	"A telephone number is a sequence of digits assigned to a fixed-line telephone subscriber station connected to a telephone line or to a wireless electronic telephony device, such as a radio telephone or a mobile telephone, or to other devices for data transmission via the public switched telephone network (PSTN) or other public and private networks."			phone number	Oliver He		OPMI	http://purl.obolibrary.org/obo/opmi.owl	6/8/17	https://raw.githubusercontent.com/OPMI/opmi/master/src/ontology/opmi-merged.owl
time measurement datum	Class	http://purl.obolibrary.org/obo/IAO_0000416	A scalar measurement datum that is the result of measuring a temporal interval				Person:Alan Ruttenberg		IAO	http://purl.obolibrary.org/obo/iao.owl		http://purl.obolibrary.org/obo/ornaseq/2019-07-08/ornaseq.owl; https://raw.githubusercontent.com/safisher/ornaseq/2019-07-08/ornaseq.owl; https://raw.githubusercontent.com/AgriculturalSemantics/agro/master/agro.owl; https://raw.githubusercontent.com/obcs/obcs/master/release/20180222/obcs_merged_inferred.owl; https://raw.githubusercontent.com/EuPath-ontology/EuPath-ontology/2019-09-04/eupath.owl; https://raw.githubusercontent.com/aellenhicks/htn_owl/master/htn.owl; https://raw.githubusercontent.com/evidenceontology/evidenceontology/master/eco.owl; https://raw.githubusercontent.com/biobanking/ontology/20190620/obib.owl; https://raw.githubusercontent.com/information-artifact-ontology/IAO/v2019-06-07/iao.owl; https://raw.githubusercontent.com/obi-ontology/obi/v2019-08-06/obi.owl; https://raw.githubusercontent.com/ISA-tools/stato/dev/releases/latest_release/stato.owl; https://raw.githubusercontent.com/obi-bcgo/bcgo/master/release/20150708/bcgo_merged_inferred.owl; https://raw.githubusercontent.com/OPMI/opmi/master/src/ontology/opmi-merged.owl; https://raw.githubusercontent.com/ICO-ontology/ICO/master/ico.owl; https://raw.githubusercontent.com/OHMI-ontology/OHMI/v2019-09-17/ohmi.owl
time sampled measurement data set	Class	http://purl.obolibrary.org/obo/IAO_0000584	A data set that is an aggregate of data recording some measurement at a number of time points. The time series data set is an ordered list of pairs of time measurement data and the corresponding measurement data acquired at that time.			experimental time series	Alan Ruttenberg		IAO	http://purl.obolibrary.org/obo/iao.owl		https://raw.githubusercontent.com/ApolloDev/apollo-sv/master/src/ontology/apollo-sv.owl; https://raw.githubusercontent.com/obcs/obcs/master/release/20180222/obcs_merged_inferred.owl; https://raw.githubusercontent.com/aellenhicks/htn_owl/master/htn.owl; https://raw.githubusercontent.com/information-artifact-ontology/IAO/v2019-06-07/iao.owl; https://raw.githubusercontent.com/obi-ontology/obi/v2019-08-06/obi.owl; https://raw.githubusercontent.com/ISA-tools/stato/dev/releases/latest_release/stato.owl; https://raw.githubusercontent.com/ICO-ontology/ICO/master/ico.owl
title	unknown	http://purl.org/dc/elements/1.1/title							Dublin Core	http://purl.org/dc/elements/1.1		http://ontologies.berkeleybop.org/uberon.owl; https://raw.githubusercontent.com/aellenhicks/htn_owl/master/htn.owl; https://raw.githubusercontent.com/DiseaseOntology/HumanDiseaseOntology/master/src/ontology/doid.owl; https://raw.githubusercontent.com/alanruttenberg/ohd-ontology/master/src/ontology/ohd-2016-06-27-merged-inferred.owl; https://raw.githubusercontent.com/evidenceontology/evidenceontology/master/eco.owl; https://raw.githubusercontent.com/DiseaseOntology/PathogenTransmissionOntology/master/src/ontology/trans.owl; https://raw.githubusercontent.com/OHPI/ohpi/master/ohpi.owl; https://raw.githubusercontent.com/obophenotype/human-phenotype-ontology/master/hp.owl; https://raw.githubusercontent.com/obi-ontology/obi/v2019-08-06/obi.owl; https://raw.githubusercontent.com/CLO-ontology/CLO/master/src/ontology/clo_merged.owl; https://raw.githubusercontent.com/ontoice/ICEO/master/src/iceo_merged.owl; https://raw.githubusercontent.com/INO-ontology/ino/master/src/ino_merged.owl; https://raw.githubusercontent.com/ICO-ontology/ICO/master/ico.owl; https://github.com/obophenotype/mammalian-phenotype-ontology/releases/download/current/mp.owl; https://www.eagle-i.net/ero/latest/ero.owl
treatment facility census	Class	http://purl.obolibrary.org/obo/APOLLO_SV_00000595	A census that counts the number of treatment facilities of some kind in a particular geographical region.	census of treatment facility		treatment facilities census; census of treatment facilities; treatment facility census	William R. Hogan		apollo-sv	http://purl.obolibrary.org/obo/apollo_sv.owl		https://raw.githubusercontent.com/ApolloDev/apollo-sv/master/src/ontology/apollo-sv.owl
university	Class	http://vivoweb.org/ontology/core#University	"An institution of higher education and research, which grants academic degrees in a variety of subjects, and provides both undergraduate education and postgraduate education."						VIVO	http://vivoweb.org/ontology/core		https://www.eagle-i.net/ero/latest/ero.owl
version number	Class	http://purl.obolibrary.org/obo/IAO_0000129	A version number is an information content entity which is a sequence of characters borne by part of each of a class of manufactured products or its packaging and indicates its order within a set of other products having the same name.	version number			GROUP: IAO		IAO	http://purl.obolibrary.org/obo/iao.owl		https://raw.githubusercontent.com/ApolloDev/apollo-sv/master/src/ontology/apollo-sv.owl; https://raw.githubusercontent.com/aellenhicks/htn_owl/master/htn.owl; https://raw.githubusercontent.com/evoinfo/miapa/master/ontology/miapa.owl; https://raw.githubusercontent.com/biobanking/ontology/20190620/obib.owl; https://raw.githubusercontent.com/information-artifact-ontology/IAO/v2019-06-07/iao.owl; https://raw.githubusercontent.com/obi-ontology/obi/v2019-08-06/obi.owl; https://raw.githubusercontent.com/ISA-tools/stato/dev/releases/latest_release/stato.owl; https://raw.githubusercontent.com/OPMI/opmi/master/src/ontology/opmi-merged.owl; https://raw.githubusercontent.com/ICO-ontology/ICO/master/ico.owl
web service execution	Class	http://purl.obolibrary.org/obo/OBIws_0000104	"A software execution that is provided by the web service, and involves invoking software execution over network."			web service operation	ITPPR		OBIws	http://purl.obolibrary.org/obo/obi/webService.owl		https://raw.githubusercontent.com/ApolloDev/apollo-sv/master/src/ontology/apollo-sv.owl
website	Class	http://purl.obolibrary.org/obo/FBcv_0000667	"A set of related web pages containing content such as text, images, video, audio, etc., prepared and maintained as a collection of information on a particular subject."						FBcv	http://purl.obolibrary.org/obo/fbcv.owl		https://raw.githubusercontent.com/ApolloDev/apollo-sv/master/src/ontology/apollo-sv.owl; https://raw.githubusercontent.com/FlyBase/flybase-controlled-vocabulary/master/fbcv.owl
website with data	Class	http://purl.obolibrary.org/obo/APOLLO_SV_00000590		website that has data as a part			William R. Hogan		apollo-sv	http://purl.obolibrary.org/obo/apollo_sv.owl		https://raw.githubusercontent.com/ApolloDev/apollo-sv/master/src/ontology/apollo-sv.owl
week	unknown	http://purl.obolibrary.org/obo/UO_0000034							UO	http://purl.obolibrary.org/obo/uo.owl		http://purl.obolibrary.org/obo/uo/releases/2019-03-29/uo.owl; http://ontologies.berkeleybop.org/uo.owl; https://raw.githubusercontent.com/OHPI/ohpi/master/ohpi.owl; https://raw.githubusercontent.com/biobanking/ontology/20190620/obib.owl; https://raw.githubusercontent.com/obi-ontology/obi/v2019-08-06/obi.owl; https://raw.githubusercontent.com/obi-bcgo/bcgo/master/release/20150708/bcgo_merged_inferred.owl
weighted arithmetic mean	Class	http://purl.obolibrary.org/obo/STATO_0000398	"The weighted arithmetic mean is a measure of central tendency that is the sum of the products of each observed value and their respective non-negative weights, divided by the sum of the weights, such that the contribution of each observed value to the mean may defer according to its respective weight. It is defined by the formula: A = sum(vi*wi)/sum(wi), where 'i' ranges from 1 to n, 'vi' is the value of each observation, and 'wi' is the value of the respective weight for each observed value.; The weighted arithmetic mean is a kind of mean similar to an ordinary arithmetic mean (the most common type of average), The weighted arithmetic mean is often used if one wants to combine average values from samples of the same population with different sample sizes."" except that instead of each of the data points contributing equally to the final average, some data points are weighted, meaning they contribute more than others. "				Matthew Diller; Alejandra Gonzalez-Beltran; Philippe Rocca-Serra; Orlaith Burke		STATO	http://purl.obolibrary.org/obo/stato.owl	RC1.4	https://raw.githubusercontent.com/ApolloDev/apollo-sv/master/src/ontology/apollo-sv.owl; https://raw.githubusercontent.com/ISA-tools/stato/dev/releases/latest_release/stato.owl